{"saveGif": false, "continued": false, "showVisualDelay": 100, "unlimetedSteps": true, "unlimetedLimits": false, "averBoardHLimit": true, "startIcellsFromCenter": true, "t0": 5.0, "continuedVer": "3_fisiol", "xlimits": [0, 1440], "X": 30, "Y": 30, "T": 300, "N_I": 90.0, "N_D": 0.0, "N_F": 0.0, "k1": 0.00011111111111111112, "k1minus": 0.00011111111111111112, "k2": 2.777777777777778e-06, "k4": 0.0, "k4minus": 0.0, "k5": 0.0, "k7": 0.022222222222222223, "k8": 0.0, "k9": 0.0, "k10": 0.0, "k11": 0.0}
fetaH,fetaI,fetaD,fetaF,t
0.9011111111111111,0.09888888888888889,0.0,0.0,5
0.9966666666666667,0.0033333333333333335,0.0,0.0,103.1151461217439967979527192
0.9966666666666667,0.0033333333333333335,0.0,0.0,525.6396767044008022546726533
0.9988888888888889,0.0011111111111111111,0.0,0.0,1007.315771094564454786666698
0.9988888888888889,0.0011111111111111111,0.0,0.0,1516.237948206613052150074988
0.9988888888888889,0.0011111111111111111,0.0,0.0,2112.749297163845735927729345
0.9988888888888889,0.0011111111111111111,0.0,0.0,2658.140400370233035132807991
0.9966666666666667,0.0033333333333333335,0.0,0.0,3170.839198333705856823681278
0.9988888888888889,0.0011111111111111111,0.0,0.0,3647.409349255198805389177168
0.9966666666666667,0.0033333333333333335,0.0,0.0,4152.342782057655582257728843
0.9988888888888889,0.0011111111111111111,0.0,0.0,4643.531661309582819221079092
0.9988888888888889,0.0011111111111111111,0.0,0.0,5144.962688002865085195664866
0.9988888888888889,0.0011111111111111111,0.0,0.0,5692.014675072852134225948054
0.9988888888888889,0.0011111111111111111,0.0,0.0,6235.732359503125917775501954
0.9988888888888889,0.0011111111111111111,0.0,0.0,6802.703163160277494556715894
0.9988888888888889,0.0011111111111111111,0.0,0.0,7290.112753336402669432789731
0.9966666666666667,0.0033333333333333335,0.0,0.0,7773.154191849782139049317636
0.9944444444444445,0.005555555555555556,0.0,0.0,8440.176535408579696373261845
0.9966666666666667,0.0033333333333333335,0.0,0.0,8852.881614255497664189742903
0.9988888888888889,0.0011111111111111111,0.0,0.0,9406.831586362952164391905301
0.9988888888888889,0.0011111111111111111,0.0,0.0,9920.198953885083468173150674
0.9988888888888889,0.0011111111111111111,0.0,0.0,10410.45670967929296758153589
0.9966666666666667,0.0033333333333333335,0.0,0.0,10916.59798686102639479443723
0.9988888888888889,0.0011111111111111111,0.0,0.0,11472.53240003914462255296265
0.9988888888888889,0.0011111111111111111,0.0,0.0,12093.40742272033966019443506
0.9988888888888889,0.0011111111111111111,0.0,0.0,12522.17320107595452627278717
0.9966666666666667,0.0033333333333333335,0.0,0.0,13054.89457886521837999382634
0.9966666666666667,0.0033333333333333335,0.0,0.0,13442.56171416890909984524743
0.9988888888888889,0.0011111111111111111,0.0,0.0,13850.63305060810192501264108
0.9966666666666667,0.0033333333333333335,0.0,0.0,14425.60007072368390377517389
0.9966666666666667,0.0033333333333333335,0.0,0.0,14863.91428504453743609322369
0.9966666666666667,0.0033333333333333335,0.0,0.0,15350.96143445056084726340166
0.9988888888888889,0.0011111111111111111,0.0,0.0,15779.64108797347481921643156
0.9988888888888889,0.0011111111111111111,0.0,0.0,16383.97879026071835811536804
0.9988888888888889,0.0011111111111111111,0.0,0.0,16958.94064313502723677115856
0.9966666666666667,0.0033333333333333335,0.0,0.0,17369.72136726585637937715764
0.9988888888888889,0.0011111111111111111,0.0,0.0,17815.87877602332200511552356
0.9988888888888889,0.0011111111111111111,0.0,0.0,18283.55099831339616520256305
0.9988888888888889,0.0011111111111111111,0.0,0.0,18677.96092816232208967509508
0.9966666666666667,0.0033333333333333335,0.0,0.0,19159.81766955072592913754903
0.9944444444444445,0.005555555555555556,0.0,0.0,19633.35000874293935485588301
0.9988888888888889,0.0011111111111111111,0.0,0.0,20103.81340127789123839141992
0.9988888888888889,0.0011111111111111111,0.0,0.0,20588.76061546484241489543233
0.9988888888888889,0.0011111111111111111,0.0,0.0,21144.67417897803338440102027
0.9966666666666667,0.0033333333333333335,0.0,0.0,21625.82465110488208720591642
0.9988888888888889,0.0011111111111111111,0.0,0.0,22267.62215178838649889806844
0.9988888888888889,0.0011111111111111111,0.0,0.0,22650.71252114301074975794773
0.9988888888888889,0.0011111111111111111,0.0,0.0,23116.10810950114513690274015
0.9988888888888889,0.0011111111111111111,0.0,0.0,23642.56619298860892117600991
0.9988888888888889,0.0011111111111111111,0.0,0.0,24030.90830692723080877160599
0.9966666666666667,0.0033333333333333335,0.0,0.0,24536.11044854388501057262176
0.9988888888888889,0.0011111111111111111,0.0,0.0,25160.00035430282635484886244
0.9988888888888889,0.0011111111111111111,0.0,0.0,25587.63630942444379458504191
0.9988888888888889,0.0011111111111111111,0.0,0.0,26033.67971549595260499058832
0.9988888888888889,0.0011111111111111111,0.0,0.0,26520.47175051509662598540915
0.9988888888888889,0.0011111111111111111,0.0,0.0,26985.71581307725685934671141
0.9988888888888889,0.0011111111111111111,0.0,0.0,27462.16576313602760838791435
0.9988888888888889,0.0011111111111111111,0.0,0.0,27820.32506914149763669286188
0.9966666666666667,0.0033333333333333335,0.0,0.0,28293.35209859672822608350065
0.9988888888888889,0.0011111111111111111,0.0,0.0,28734.84534982287548187279772
0.9988888888888889,0.0011111111111111111,0.0,0.0,29244.74894683638052354861055
0.9988888888888889,0.0011111111111111111,0.0,0.0,29757.29175386848695814960953
0.9988888888888889,0.0011111111111111111,0.0,0.0,30279.38360387720325448215476
0.9966666666666667,0.0033333333333333335,0.0,0.0,30781.08597995374715343158188
0.9966666666666667,0.0033333333333333335,0.0,0.0,31400.61482249364131271533757
0.9988888888888889,0.0011111111111111111,0.0,0.0,31861.23579615711219010730070
0.9966666666666667,0.0033333333333333335,0.0,0.0,32304.21386024682232515650859
0.9988888888888889,0.0011111111111111111,0.0,0.0,32779.56832761550706571868038
0.9988888888888889,0.0011111111111111111,0.0,0.0,33430.86223976884945492023263
0.9988888888888889,0.0011111111111111111,0.0,0.0,33918.90138215046863087053500
0.9988888888888889,0.0011111111111111111,0.0,0.0,34516.80290556262686578825211
0.9988888888888889,0.0011111111111111111,0.0,0.0,35146.42634454684473674609327
0.9988888888888889,0.0011111111111111111,0.0,0.0,35647.43480663730197715815243
0.9988888888888889,0.0011111111111111111,0.0,0.0,36227.25047456361045179825450
0.9988888888888889,0.0011111111111111111,0.0,0.0,36902.53458644706375549106601
0.9966666666666667,0.0033333333333333335,0.0,0.0,37534.91770945973445475222276
0.9966666666666667,0.0033333333333333335,0.0,0.0,38052.78109411726951582192021
0.9988888888888889,0.0011111111111111111,0.0,0.0,38446.63264229929717278569621
0.9966666666666667,0.0033333333333333335,0.0,0.0,38915.45207231631412583235349
0.9988888888888889,0.0011111111111111111,0.0,0.0,39449.95164681516731823278491
0.9988888888888889,0.0011111111111111111,0.0,0.0,39910.97450697793677007052940
0.9988888888888889,0.0011111111111111111,0.0,0.0,40405.95142813233690164442852
0.9988888888888889,0.0011111111111111111,0.0,0.0,40915.39091842423138663585235
0.9988888888888889,0.0011111111111111111,0.0,0.0,41427.48527993802250502922735
0.9988888888888889,0.0011111111111111111,0.0,0.0,41926.41109371588327187449023
0.9988888888888889,0.0011111111111111111,0.0,0.0,42371.66649581668482075684829
0.9966666666666667,0.0033333333333333335,0.0,0.0,42861.00687812512250601668517
0.9988888888888889,0.0011111111111111111,0.0,0.0,43446.74859299744498031117305
0.9988888888888889,0.0011111111111111111,0.0,0.0,43968.40243031518878337794666
0.9988888888888889,0.0011111111111111111,0.0,0.0,44494.68498724647204125798936
0.9988888888888889,0.0011111111111111111,0.0,0.0,44947.04377673360446863071032
0.9966666666666667,0.0033333333333333335,0.0,0.0,45492.67058972642541361124783
0.9988888888888889,0.0011111111111111111,0.0,0.0,45970.88132428219020919972736
0.9988888888888889,0.0011111111111111111,0.0,0.0,46437.32418689343574287560961
0.9988888888888889,0.0011111111111111111,0.0,0.0,46955.78862028071868108411510
0.9988888888888889,0.0011111111111111111,0.0,0.0,47444.26099589463369131207138
0.9988888888888889,0.0011111111111111111,0.0,0.0,48065.26182483076304539026128
0.9966666666666667,0.0033333333333333335,0.0,0.0,48577.16312073377967019970643
0.9966666666666667,0.0033333333333333335,0.0,0.0,49045.91876767876680071487632
0.9966666666666667,0.0033333333333333335,0.0,0.0,49678.44334204556911064997861
0.9988888888888889,0.0011111111111111111,0.0,0.0,50161.10181859108640301929817
0.9988888888888889,0.0011111111111111111,0.0,0.0,50599.17528321713937467740632
0.9988888888888889,0.0011111111111111111,0.0,0.0,51073.89248945673243160971389
0.9988888888888889,0.0011111111111111111,0.0,0.0,51691.14053285088626213674321
0.9988888888888889,0.0011111111111111111,0.0,0.0,52155.06461729191219328451108
0.9988888888888889,0.0011111111111111111,0.0,0.0,52583.02859613619694022268927
0.9988888888888889,0.0011111111111111111,0.0,0.0,53005.61420436613858976909791
0.9966666666666667,0.0033333333333333335,0.0,0.0,53577.66795359969283175355662
0.9988888888888889,0.0011111111111111111,0.0,0.0,54131.62700146943836153084302
0.9988888888888889,0.0011111111111111111,0.0,0.0,54594.28462943116249439884561
0.9988888888888889,0.0011111111111111111,0.0,0.0,55158.12312999366501294594065
0.9988888888888889,0.0011111111111111111,0.0,0.0,55687.35066645218828800550693
0.9966666666666667,0.0033333333333333335,0.0,0.0,56184.41150757155541722826820
0.9988888888888889,0.0011111111111111111,0.0,0.0,56696.60008254325149551349584
0.9988888888888889,0.0011111111111111111,0.0,0.0,57203.86883579514665692902287
0.9988888888888889,0.0011111111111111111,0.0,0.0,57857.63953048902811185369953
0.9988888888888889,0.0011111111111111111,0.0,0.0,58282.54674857431039255914928
0.9988888888888889,0.0011111111111111111,0.0,0.0,58730.17148819043179731889535
0.9988888888888889,0.0011111111111111111,0.0,0.0,59323.87109908043598654745842
0.9988888888888889,0.0011111111111111111,0.0,0.0,59862.66753963560446594098371
0.9966666666666667,0.0033333333333333335,0.0,0.0,60403.78051808666375106170010
0.9966666666666667,0.0033333333333333335,0.0,0.0,60941.86023639976940568568183
0.9988888888888889,0.0011111111111111111,0.0,0.0,61430.00866335181992371295113
0.9988888888888889,0.0011111111111111111,0.0,0.0,61860.13174279627728049399477
0.9988888888888889,0.0011111111111111111,0.0,0.0,62481.12717702745137238599448
0.9966666666666667,0.0033333333333333335,0.0,0.0,62873.51555588604408891955143
0.9988888888888889,0.0011111111111111111,0.0,0.0,63448.93271020720042554363672
0.9988888888888889,0.0011111111111111111,0.0,0.0,63952.23648276830852981108254
0.9966666666666667,0.0033333333333333335,0.0,0.0,64447.92087161903973303184679
0.9988888888888889,0.0011111111111111111,0.0,0.0,64886.53110082184067419959990
0.9988888888888889,0.0011111111111111111,0.0,0.0,65335.55145814945427693106493
0.9988888888888889,0.0011111111111111111,0.0,0.0,65752.81116129537227652059771
0.9988888888888889,0.0011111111111111111,0.0,0.0,66118.85160637626488434503471
0.9988888888888889,0.0011111111111111111,0.0,0.0,66558.94522576220681161722719
0.9966666666666667,0.0033333333333333335,0.0,0.0,67125.01611079305203277773287
0.9988888888888889,0.0011111111111111111,0.0,0.0,67532.27291095747253212632675
0.9988888888888889,0.0011111111111111111,0.0,0.0,67969.21629212368328533861278
0.9988888888888889,0.0011111111111111111,0.0,0.0,68421.25288550503707712523338
0.9988888888888889,0.0011111111111111111,0.0,0.0,69072.44510701686563280702934
0.9966666666666667,0.0033333333333333335,0.0,0.0,69450.31378365251037018366838
0.9988888888888889,0.0011111111111111111,0.0,0.0,69918.37212049812809305473128
0.9966666666666667,0.0033333333333333335,0.0,0.0,70453.62296631438772276921669
0.9988888888888889,0.0011111111111111111,0.0,0.0,70991.25947430173305105813820
0.9988888888888889,0.0011111111111111111,0.0,0.0,71555.41306440210247622911333
0.9966666666666667,0.0033333333333333335,0.0,0.0,72084.04184457473305484322768
0.9966666666666667,0.0033333333333333335,0.0,0.0,72442.11484480703291842958641
0.9988888888888889,0.0011111111111111111,0.0,0.0,72883.66196440797510191118372
0.9988888888888889,0.0011111111111111111,0.0,0.0,73523.41251746343045757078048
0.9988888888888889,0.0011111111111111111,0.0,0.0,74002.18129933080506831853918
0.9988888888888889,0.0011111111111111111,0.0,0.0,74589.99620816474473661654682
0.9966666666666667,0.0033333333333333335,0.0,0.0,75004.95933808107431000886175
0.9988888888888889,0.0011111111111111111,0.0,0.0,75483.90803075231310409906840
0.9966666666666667,0.0033333333333333335,0.0,0.0,76090.84249293445128838138483
0.9988888888888889,0.0011111111111111111,0.0,0.0,76618.95806503939344348985625
0.9988888888888889,0.0011111111111111111,0.0,0.0,77067.61578702072962430653157
0.9944444444444445,0.005555555555555556,0.0,0.0,77491.82197431123225552536763
0.9966666666666667,0.0033333333333333335,0.0,0.0,78007.20021075474207827856563
0.9988888888888889,0.0011111111111111111,0.0,0.0,78593.28008083947141805002902
0.9988888888888889,0.0011111111111111111,0.0,0.0,79114.51730738911550364837089
0.9988888888888889,0.0011111111111111111,0.0,0.0,79693.63672246004832906333030
0.9966666666666667,0.0033333333333333335,0.0,0.0,80249.94280946057884827064367
0.9988888888888889,0.0011111111111111111,0.0,0.0,80734.33609812821100735272756
0.9988888888888889,0.0011111111111111111,0.0,0.0,81334.65645890876066045975125
0.9988888888888889,0.0011111111111111111,0.0,0.0,81915.38011116531876646170972
0.9988888888888889,0.0011111111111111111,0.0,0.0,82411.39365966843217166525015
0.9988888888888889,0.0011111111111111111,0.0,0.0,82890.27483065174762739368102
0.9988888888888889,0.0011111111111111111,0.0,0.0,83379.06353537981567191767000
0.9988888888888889,0.0011111111111111111,0.0,0.0,83797.33268668717178087373447
0.9988888888888889,0.0011111111111111111,0.0,0.0,84435.51607703048302909248195
0.9988888888888889,0.0011111111111111111,0.0,0.0,84937.39599857552398702141327
0.9944444444444445,0.005555555555555556,0.0,0.0,85366.89916994455521011994334
0.9966666666666667,0.0033333333333333335,0.0,0.0,85894.52477477468560931020916
0.9988888888888889,0.0011111111111111111,0.0,0.0,86456.10124299039563084281847
0.9988888888888889,0.0011111111111111111,0.0,0.0,87039.87273118900564562576623
0.9988888888888889,0.0011111111111111111,0.0,0.0,87456.99151753426534175050181
0.9988888888888889,0.0011111111111111111,0.0,0.0,87971.46701347803002437030432
0.9988888888888889,0.0011111111111111111,0.0,0.0,88554.66966122089054730160327
0.9966666666666667,0.0033333333333333335,0.0,0.0,89144.43080597746780066963410
0.9966666666666667,0.0033333333333333335,0.0,0.0,89535.89528931889238907138375
0.9988888888888889,0.0011111111111111111,0.0,0.0,90117.18652622875621831003897
0.9988888888888889,0.0011111111111111111,0.0,0.0,90600.69182293989613021336702
0.9988888888888889,0.0011111111111111111,0.0,0.0,91119.26731160595068275939296
0.9966666666666667,0.0033333333333333335,0.0,0.0,91689.93650922262622661922873
0.9988888888888889,0.0011111111111111111,0.0,0.0,92178.50938413574993572501087
0.9988888888888889,0.0011111111111111111,0.0,0.0,92701.55864334982259893320710
0.9988888888888889,0.0011111111111111111,0.0,0.0,93203.03404515727097451114570
0.9988888888888889,0.0011111111111111111,0.0,0.0,93544.90250418437001615807413
0.9988888888888889,0.0011111111111111111,0.0,0.0,93995.07292168583811612237932
0.9988888888888889,0.0011111111111111111,0.0,0.0,94598.32003985602182764227157
0.9988888888888889,0.0011111111111111111,0.0,0.0,94995.81580616796426431577613
0.9988888888888889,0.0011111111111111111,0.0,0.0,95464.03512000040265040789898
0.9988888888888889,0.0011111111111111111,0.0,0.0,96054.69039441658972395414125
0.9966666666666667,0.0033333333333333335,0.0,0.0,96545.07362348759609468759171
0.9988888888888889,0.0011111111111111111,0.0,0.0,96913.73543048877162557183485
0.9966666666666667,0.0033333333333333335,0.0,0.0,97374.25888463870832618820284
0.9966666666666667,0.0033333333333333335,0.0,0.0,97824.21951737177159924160964
0.9966666666666667,0.0033333333333333335,0.0,0.0,98260.67302741621284328593991
0.9966666666666667,0.0033333333333333335,0.0,0.0,98736.54179822770526769580128
0.9988888888888889,0.0011111111111111111,0.0,0.0,99226.53486029790663604139275
0.9966666666666667,0.0033333333333333335,0.0,0.0,99803.97180256254670562404236
0.9988888888888889,0.0011111111111111111,0.0,0.0,100358.9183367431366019574978
0.9988888888888889,0.0011111111111111111,0.0,0.0,100883.8728915864375023161153
0.9988888888888889,0.0011111111111111111,0.0,0.0,101396.5921073961735867402346
0.9988888888888889,0.0011111111111111111,0.0,0.0,101891.6388618760908460681036
0.9988888888888889,0.0011111111111111111,0.0,0.0,102388.4306929697740655771866
0.9988888888888889,0.0011111111111111111,0.0,0.0,102788.3884554021629944336608
0.9988888888888889,0.0011111111111111111,0.0,0.0,103277.0671932965773870209107
0.9988888888888889,0.0011111111111111111,0.0,0.0,103802.5704928285422048717470
0.9966666666666667,0.0033333333333333335,0.0,0.0,104277.7636375163624295170794
0.9988888888888889,0.0011111111111111111,0.0,0.0,104883.0911646830564675023998
0.9988888888888889,0.0011111111111111111,0.0,0.0,105238.3272471820544020647727
0.9988888888888889,0.0011111111111111111,0.0,0.0,105791.8599409993610017493210
0.9966666666666667,0.0033333333333333335,0.0,0.0,106385.3362243511838959126567
0.9988888888888889,0.0011111111111111111,0.0,0.0,106748.5555722840496287729581
0.9988888888888889,0.0011111111111111111,0.0,0.0,107295.3256316939169602794301
0.9988888888888889,0.0011111111111111111,0.0,0.0,107830.9416534731653082551536
0.9988888888888889,0.0011111111111111111,0.0,0.0,108421.2606647547175605847130
0.9988888888888889,0.0011111111111111111,0.0,0.0,109020.9113285690284666704862
0.9966666666666667,0.0033333333333333335,0.0,0.0,109600.0758810223915363021458
0.9988888888888889,0.0011111111111111111,0.0,0.0,110091.4256132101045790321103
0.9988888888888889,0.0011111111111111111,0.0,0.0,110653.5378339104280194093467
0.9988888888888889,0.0011111111111111111,0.0,0.0,111176.4529800736963976925885
0.9988888888888889,0.0011111111111111111,0.0,0.0,111857.1146081022594559132440
0.9988888888888889,0.0011111111111111111,0.0,0.0,112340.1766500252126398284490
0.9988888888888889,0.0011111111111111111,0.0,0.0,112825.9981116940415542051691
0.9988888888888889,0.0011111111111111111,0.0,0.0,113353.6779843073656679008183
0.9966666666666667,0.0033333333333333335,0.0,0.0,113900.3145932010523556571157
0.9966666666666667,0.0033333333333333335,0.0,0.0,114393.8568025281712891194916
0.9988888888888889,0.0011111111111111111,0.0,0.0,114916.9621802726296637237865
0.9966666666666667,0.0033333333333333335,0.0,0.0,115317.6361158605102706033316
0.9988888888888889,0.0011111111111111111,0.0,0.0,115643.5707932918292474575136
0.9988888888888889,0.0011111111111111111,0.0,0.0,116144.6424942206358246611421
0.9988888888888889,0.0011111111111111111,0.0,0.0,116759.9991532759774919223496
0.9988888888888889,0.0011111111111111111,0.0,0.0,117397.4521130175218747560335
0.9988888888888889,0.0011111111111111111,0.0,0.0,117821.0056213830406101161086
0.9988888888888889,0.0011111111111111111,0.0,0.0,118307.9569938863862243161433
0.9988888888888889,0.0011111111111111111,0.0,0.0,118870.7327776197541815651011
0.9966666666666667,0.0033333333333333335,0.0,0.0,119472.3120742651638435662512
0.9988888888888889,0.0011111111111111111,0.0,0.0,119955.7958151194244020808529
0.9988888888888889,0.0011111111111111111,0.0,0.0,120606.5538307166497980656425
0.9966666666666667,0.0033333333333333335,0.0,0.0,121116.4285260286974638247111
0.9988888888888889,0.0011111111111111111,0.0,0.0,121618.5356067140721034379772
0.9988888888888889,0.0011111111111111111,0.0,0.0,121996.7316803518582515751033
0.9966666666666667,0.0033333333333333335,0.0,0.0,122513.8371192002217612977996
0.9966666666666667,0.0033333333333333335,0.0,0.0,123015.1679922846404236097435
0.9988888888888889,0.0011111111111111111,0.0,0.0,123417.6099181788337872869462
0.9988888888888889,0.0011111111111111111,0.0,0.0,124089.6705513750569504118228
0.9966666666666667,0.0033333333333333335,0.0,0.0,124521.6269501436121971103528
0.9966666666666667,0.0033333333333333335,0.0,0.0,124979.0849036765529341522412
0.9966666666666667,0.0033333333333333335,0.0,0.0,125450.3582202498420034278431
0.9988888888888889,0.0011111111111111111,0.0,0.0,125998.8601639625538195542441
0.9966666666666667,0.0033333333333333335,0.0,0.0,126499.7250853840049238103415
0.9988888888888889,0.0011111111111111111,0.0,0.0,127120.4512363735387528221885
0.9966666666666667,0.0033333333333333335,0.0,0.0,127465.0342407407033467151408
0.9966666666666667,0.0033333333333333335,0.0,0.0,127810.9839969375903304252890
0.9988888888888889,0.0011111111111111111,0.0,0.0,128239.9704860641161383943164
0.9988888888888889,0.0011111111111111111,0.0,0.0,128713.3788544468144225379619
0.9988888888888889,0.0011111111111111111,0.0,0.0,129244.5329114541200623930815
0.9988888888888889,0.0011111111111111111,0.0,0.0,129742.4633739880728481236820
0.9988888888888889,0.0011111111111111111,0.0,0.0,130221.2308697259017557150072
0.9944444444444445,0.005555555555555556,0.0,0.0,130683.0554720523063532889491
0.9988888888888889,0.0011111111111111111,0.0,0.0,131230.2968700844942734116807
0.9988888888888889,0.0011111111111111111,0.0,0.0,131704.1615692041303492192170
0.9944444444444445,0.005555555555555556,0.0,0.0,132142.2789712804904425305953
0.9988888888888889,0.0011111111111111111,0.0,0.0,132592.6389219768616990960289
0.9988888888888889,0.0011111111111111111,0.0,0.0,133193.2892348060917467100591
0.9966666666666667,0.0033333333333333335,0.0,0.0,133710.0561549789471092621341
0.9966666666666667,0.0033333333333333335,0.0,0.0,134130.1809338968151350252612
0.9944444444444445,0.005555555555555556,0.0,0.0,134644.5743463465825369300288
0.9966666666666667,0.0033333333333333335,0.0,0.0,135096.6780918364485766231880
0.9944444444444445,0.005555555555555556,0.0,0.0,135565.3836719483206025013553
0.9966666666666667,0.0033333333333333335,0.0,0.0,135972.8039912932072315181800
0.9988888888888889,0.0011111111111111111,0.0,0.0,136497.8179304173735901699795
0.9988888888888889,0.0011111111111111111,0.0,0.0,136978.4691852234065623934128
0.9966666666666667,0.0033333333333333335,0.0,0.0,137254.2381823532799421322905
0.9988888888888889,0.0011111111111111111,0.0,0.0,137815.6028520096176459484628
0.9988888888888889,0.0011111111111111111,0.0,0.0,138401.5803930997881249485022
0.9966666666666667,0.0033333333333333335,0.0,0.0,138883.5568756529140120973594
0.9988888888888889,0.0011111111111111111,0.0,0.0,139376.8737757099290971153643
0.9988888888888889,0.0011111111111111111,0.0,0.0,139936.6635711164628332068569
0.9966666666666667,0.0033333333333333335,0.0,0.0,140408.6139103747408817732718
0.9988888888888889,0.0011111111111111111,0.0,0.0,140917.8476585139947018274506
0.9988888888888889,0.0011111111111111111,0.0,0.0,141270.6914734695598765496617
0.9988888888888889,0.0011111111111111111,0.0,0.0,141623.4961191301127955929399
0.9988888888888889,0.0011111111111111111,0.0,0.0,142147.6618242985174664158569
0.9988888888888889,0.0011111111111111111,0.0,0.0,142709.1348154063149872147373
0.9988888888888889,0.0011111111111111111,0.0,0.0,143260.6382458473067104209765
0.9988888888888889,0.0011111111111111111,0.0,0.0,143821.1119087904258505541637
0.9988888888888889,0.0011111111111111111,0.0,0.0,144479.0838093790984348057211
0.9988888888888889,0.0011111111111111111,0.0,0.0,145093.0311543039909484860357
0.9966666666666667,0.0033333333333333335,0.0,0.0,145579.3372459960527866376331
0.9988888888888889,0.0011111111111111111,0.0,0.0,146104.4357472380779822396510
0.9966666666666667,0.0033333333333333335,0.0,0.0,146688.1462014234316901877852
0.9988888888888889,0.0011111111111111111,0.0,0.0,147183.2187787483148880070292
0.9988888888888889,0.0011111111111111111,0.0,0.0,147717.1064005046409154620063
0.9988888888888889,0.0011111111111111111,0.0,0.0,148234.8904374800785421762711
0.9988888888888889,0.0011111111111111111,0.0,0.0,148783.2392889979491681274375
0.9966666666666667,0.0033333333333333335,0.0,0.0,149254.9533030922414919058672
0.9988888888888889,0.0011111111111111111,0.0,0.0,149780.3945217937963866631642
0.9988888888888889,0.0011111111111111111,0.0,0.0,150302.2656901560446954306076
0.9988888888888889,0.0011111111111111111,0.0,0.0,150857.0615278341131579859258
0.9988888888888889,0.0011111111111111111,0.0,0.0,151290.7538319259465504375177
0.9966666666666667,0.0033333333333333335,0.0,0.0,151704.0703834542046309719124
0.9966666666666667,0.0033333333333333335,0.0,0.0,152184.0074838693677190386207
0.9988888888888889,0.0011111111111111111,0.0,0.0,152722.8893208175936467393576
0.9988888888888889,0.0011111111111111111,0.0,0.0,153131.1096373473473105068249
0.9966666666666667,0.0033333333333333335,0.0,0.0,153651.2301821291362494239344
0.9988888888888889,0.0011111111111111111,0.0,0.0,154093.4619203355192494189934
0.9988888888888889,0.0011111111111111111,0.0,0.0,154545.7402198732411554557543
0.9988888888888889,0.0011111111111111111,0.0,0.0,155075.0290962651996393717022
0.9988888888888889,0.0011111111111111111,0.0,0.0,155532.7366292812874548467815
0.9988888888888889,0.0011111111111111111,0.0,0.0,156168.0129863267738533195620
0.9988888888888889,0.0011111111111111111,0.0,0.0,156781.9810732556631961711252
0.9988888888888889,0.0011111111111111111,0.0,0.0,157224.0762420465214898742585
0.9988888888888889,0.0011111111111111111,0.0,0.0,157716.4226074887404272654648
0.9966666666666667,0.0033333333333333335,0.0,0.0,158295.7954156504564530496082
0.9988888888888889,0.0011111111111111111,0.0,0.0,158815.2415756814014145473739
0.9988888888888889,0.0011111111111111111,0.0,0.0,159291.5038577653932305133049
0.9988888888888889,0.0011111111111111111,0.0,0.0,159801.8517045959560821436804
0.9966666666666667,0.0033333333333333335,0.0,0.0,160322.1771077185234416387366
0.9988888888888889,0.0011111111111111111,0.0,0.0,160947.1096267027159195164760
0.9944444444444445,0.005555555555555556,0.0,0.0,161518.6043048953735268631941
0.9988888888888889,0.0011111111111111111,0.0,0.0,162079.7444696366614263360648
0.9988888888888889,0.0011111111111111111,0.0,0.0,162645.3318794208518668522057
0.9988888888888889,0.0011111111111111111,0.0,0.0,163112.8762993454941695488700
0.9988888888888889,0.0011111111111111111,0.0,0.0,163730.4457419398533407918510
0.9988888888888889,0.0011111111111111111,0.0,0.0,164232.0699451346862476773304
0.9988888888888889,0.0011111111111111111,0.0,0.0,164831.2293481505462214643183
0.9988888888888889,0.0011111111111111111,0.0,0.0,165286.7278856855760905349140
0.9988888888888889,0.0011111111111111111,0.0,0.0,165827.8215668028994675629515
0.9966666666666667,0.0033333333333333335,0.0,0.0,166345.2012065572135205032806
0.9988888888888889,0.0011111111111111111,0.0,0.0,166809.2825910428029515386354
0.9988888888888889,0.0011111111111111111,0.0,0.0,167408.8097356938400635057160
0.9988888888888889,0.0011111111111111111,0.0,0.0,167790.3320014815887493284239
0.9988888888888889,0.0011111111111111111,0.0,0.0,168285.2024080088206988340728
0.9988888888888889,0.0011111111111111111,0.0,0.0,168811.4450243204389040382589
0.9988888888888889,0.0011111111111111111,0.0,0.0,169250.0723228340857745087428
0.9966666666666667,0.0033333333333333335,0.0,0.0,169670.4799522044010976348962
0.9955555555555555,0.0033333333333333335,0.0011111111111111111,0.0,170044.9990472936416691040878
0.9977777777777778,0.0011111111111111111,0.0011111111111111111,0.0,170525.8084029690406007143449
0.9977777777777778,0.0011111111111111111,0.0011111111111111111,0.0,171030.9840361831176127400752
0.9955555555555555,0.0033333333333333335,0.0011111111111111111,0.0,171572.4437588980140632534861
0.9977777777777778,0.0011111111111111111,0.0011111111111111111,0.0,172127.0761640433736081786189
0.9977777777777778,0.0011111111111111111,0.0011111111111111111,0.0,172616.4504701047211010193910
0.9977777777777778,0.0011111111111111111,0.0011111111111111111,0.0,173124.4381490921634724112292
0.9977777777777778,0.0011111111111111111,0.0011111111111111111,0.0,173620.9091456033280945727790
0.9977777777777778,0.0011111111111111111,0.0011111111111111111,0.0,174034.4825868816254940390488
0.9955555555555555,0.0033333333333333335,0.0011111111111111111,0.0,174569.8070350647577984574046
0.9933333333333333,0.005555555555555556,0.0011111111111111111,0.0,175073.4735926462896043052621
0.9977777777777778,0.0011111111111111111,0.0011111111111111111,0.0,175662.5279948480753310789770
0.9977777777777778,0.0011111111111111111,0.0011111111111111111,0.0,176156.0669611847168771328808
0.9977777777777778,0.0011111111111111111,0.0011111111111111111,0.0,176603.9794847970842016145440
0.9977777777777778,0.0011111111111111111,0.0011111111111111111,0.0,177110.7823726002475416356696
0.9955555555555555,0.0033333333333333335,0.0011111111111111111,0.0,177631.2707561695902811511051
0.9955555555555555,0.0033333333333333335,0.0011111111111111111,0.0,178062.1736266853909136981327
0.9977777777777778,0.0011111111111111111,0.0011111111111111111,0.0,178596.1156659914315452540911
0.9955555555555555,0.0033333333333333335,0.0011111111111111111,0.0,179081.3081059054096410840755
0.9977777777777778,0.0011111111111111111,0.0011111111111111111,0.0,179598.7789343124407140977494
0.9977777777777778,0.0011111111111111111,0.0011111111111111111,0.0,180110.0996220317089945654716
0.9955555555555555,0.0033333333333333335,0.0011111111111111111,0.0,180626.8193582572908217306206
0.9977777777777778,0.0011111111111111111,0.0011111111111111111,0.0,181196.5377554742942586247017
0.9955555555555555,0.0033333333333333335,0.0011111111111111111,0.0,181611.2752508858718508946458
0.9977777777777778,0.0011111111111111111,0.0011111111111111111,0.0,182036.0166222347910374869243
0.9977777777777778,0.0011111111111111111,0.0011111111111111111,0.0,182531.0561624069111164145855
0.9955555555555555,0.0033333333333333335,0.0011111111111111111,0.0,182909.5271663345586054144151
0.9977777777777778,0.0011111111111111111,0.0011111111111111111,0.0,183526.9575938547223410206986
0.9955555555555555,0.0033333333333333335,0.0011111111111111111,0.0,184023.2294085320473783958579
0.9977777777777778,0.0011111111111111111,0.0011111111111111111,0.0,184530.1916611783571596282661
0.9977777777777778,0.0011111111111111111,0.0011111111111111111,0.0,184968.6751758742738414332847
0.9955555555555555,0.0033333333333333335,0.0011111111111111111,0.0,185514.4985689579873463457120
0.9955555555555555,0.0033333333333333335,0.0011111111111111111,0.0,185926.9064892714203614743323
0.9977777777777778,0.0011111111111111111,0.0011111111111111111,0.0,186407.3721571109768375551635
0.9977777777777778,0.0011111111111111111,0.0011111111111111111,0.0,186926.9148963055984104448886
0.9977777777777778,0.0011111111111111111,0.0011111111111111111,0.0,187370.6489604551951381094935
0.9977777777777778,0.0011111111111111111,0.0011111111111111111,0.0,188029.5597682374856735626148
0.9955555555555555,0.0033333333333333335,0.0011111111111111111,0.0,188395.2714409502048257916089
0.9977777777777778,0.0011111111111111111,0.0011111111111111111,0.0,188900.0517848060922873268870
0.9977777777777778,0.0011111111111111111,0.0011111111111111111,0.0,189404.7317507222913338932316
0.9977777777777778,0.0011111111111111111,0.0011111111111111111,0.0,189946.8446137792563226957786
0.9955555555555555,0.0033333333333333335,0.0011111111111111111,0.0,190464.7669937732568780315614
0.9977777777777778,0.0011111111111111111,0.0011111111111111111,0.0,191059.2523648874331288430746
0.9977777777777778,0.0011111111111111111,0.0011111111111111111,0.0,191539.4157704828968463984589
0.9955555555555555,0.0033333333333333335,0.0011111111111111111,0.0,192039.6941231024590764080541
0.9955555555555555,0.0033333333333333335,0.0011111111111111111,0.0,192506.2719780757154518509551
0.9955555555555555,0.0033333333333333335,0.0011111111111111111,0.0,193115.8760657205842142587339
0.9977777777777778,0.0011111111111111111,0.0011111111111111111,0.0,193642.8107261262698905833562
0.9977777777777778,0.0011111111111111111,0.0011111111111111111,0.0,194103.5131394046105190903013
0.9977777777777778,0.0011111111111111111,0.0011111111111111111,0.0,194651.3437892364167906304279
0.9977777777777778,0.0011111111111111111,0.0011111111111111111,0.0,195232.8559990791572037884923
0.9955555555555555,0.0033333333333333335,0.0011111111111111111,0.0,195789.6962911543511852128563
0.9977777777777778,0.0011111111111111111,0.0011111111111111111,0.0,196264.7826622257872189489935
