{"saveGif": true, "continued": false, "showVisualDelay": 10, "unlimetedSteps": true, "unlimetedLimits": false, "averBoardHLimit": true, "startIcellsFromCenter": true, "t0": 5.0, "continuedVer": "3_pharma_2", "xlimits": [0, 1440], "X": 30, "Y": 30, "T": 300, "N_I": 90.0, "N_D": 0.0, "N_F": 0.0, "k1": 0.0, "k1minus": 0.0, "k2": 0.005555555555555556, "k4": 0.011111111111111112, "k4minus": 0.011111111111111112, "k5": 0.044444444444444446, "k7": 0.013333333333333334, "k8": 0.022222222222222223, "k9": 0.013333333333333334, "k10": 0.0033333333333333335, "k11": 0.0033333333333333335}
fetaH,fetaI,fetaD,fetaF,t
0.9011111111111111,0.09888888888888889,0.0,0.0,5
0.8966666666666666,0.09888888888888889,0.0044444444444444444,0.0,7.471487176549746481881690398
0.8944444444444445,0.09444444444444444,0.008888888888888889,0.0022222222222222222,9.560031120982983094245338228
0.8944444444444445,0.08555555555555555,0.012222222222222223,0.0077777777777777776,12.71761174216062287096011362
0.8944444444444445,0.08,0.014444444444444444,0.011111111111111112,14.14001971308103303284484965
0.8933333333333333,0.07777777777777778,0.016666666666666666,0.012222222222222223,17.09729324588963991113827468
0.8944444444444445,0.07777777777777778,0.016666666666666666,0.011111111111111112,19.71842540056391828385916631
0.8955555555555555,0.07777777777777778,0.017777777777777778,0.008888888888888889,21.85471708520054165580778873
0.8922222222222222,0.07888888888888888,0.02,0.008888888888888889,23.73776622039287034953657524
0.8911111111111111,0.07333333333333333,0.023333333333333334,0.012222222222222223,26.19142613809803475623993772
0.8922222222222222,0.06666666666666667,0.025555555555555557,0.015555555555555555,29.35813671885367701397141413
0.8922222222222222,0.06333333333333334,0.027777777777777776,0.016666666666666666,32.57621063628042206763554923
0.8922222222222222,0.06222222222222222,0.03,0.015555555555555555,33.75774426648685495883783123
0.8933333333333333,0.06111111111111111,0.03333333333333333,0.012222222222222223,35.50707045334379519571410283
0.8944444444444445,0.06,0.03333333333333333,0.012222222222222223,37.83425118838836576450623069
0.8922222222222222,0.06111111111111111,0.034444444444444444,0.012222222222222223,40.35015048960685277533281127
0.8977777777777778,0.05,0.03888888888888889,0.013333333333333334,42.93568382125849856511487751
0.8966666666666666,0.051111111111111114,0.03888888888888889,0.013333333333333334,44.94668628066618129728105423
0.8966666666666666,0.052222222222222225,0.03888888888888889,0.012222222222222223,48.00582713752873500101286065
0.8966666666666666,0.04888888888888889,0.04111111111111111,0.013333333333333334,50.64437761535165332482237503
0.8944444444444445,0.04888888888888889,0.043333333333333335,0.013333333333333334,52.74514137602683613120224622
0.8944444444444445,0.04888888888888889,0.043333333333333335,0.013333333333333334,57.16269898513252430670944757
0.8922222222222222,0.05333333333333334,0.043333333333333335,0.011111111111111112,60.00370346216525516011671052
0.8877777777777778,0.056666666666666664,0.043333333333333335,0.012222222222222223,63.64249397418085594512611491
0.8888888888888888,0.05333333333333334,0.04666666666666667,0.011111111111111112,64.56817306590833634867702166
0.8911111111111111,0.051111111111111114,0.04777777777777778,0.01,67.43634445892179975492937277
0.8944444444444445,0.051111111111111114,0.04777777777777778,0.006666666666666667,69.13586026537844163785968902
0.8977777777777778,0.044444444444444446,0.051111111111111114,0.006666666666666667,70.87001185248118791188030480
0.8955555555555555,0.04666666666666667,0.051111111111111114,0.006666666666666667,72.59573182870738389870006361
0.8922222222222222,0.04666666666666667,0.052222222222222225,0.008888888888888889,75.08884825358784345806392174
0.8944444444444445,0.04666666666666667,0.052222222222222225,0.006666666666666667,76.85346405000533675169614653
0.8922222222222222,0.04555555555555556,0.05444444444444444,0.0077777777777777776,79.49449363337825218078862425
0.89,0.04555555555555556,0.05444444444444444,0.01,81.08579017374632274992849281
0.8877777777777778,0.044444444444444446,0.058888888888888886,0.008888888888888889,83.25021072089190340389611230
0.8811111111111111,0.05,0.06111111111111111,0.0077777777777777776,85.42788388358174206138340582
0.8744444444444445,0.05444444444444444,0.06333333333333334,0.0077777777777777776,88.09894978876728678027336262
0.8766666666666667,0.04888888888888889,0.06555555555555556,0.008888888888888889,91.77539292414538701352714128
0.8711111111111111,0.05333333333333334,0.06666666666666667,0.008888888888888889,94.37012945244692021474678154
0.8655555555555555,0.057777777777777775,0.06777777777777778,0.008888888888888889,96.15169677987856521919296452
0.8622222222222222,0.06111111111111111,0.07,0.006666666666666667,98.35198212409040161580651628
0.8588888888888889,0.06222222222222222,0.07111111111111111,0.0077777777777777776,101.4921513756609829681888379
0.86,0.057777777777777775,0.07222222222222222,0.01,104.0156006241220156455321684
0.8566666666666667,0.06,0.07222222222222222,0.011111111111111112,106.3964478222154727641968534
0.8577777777777778,0.06,0.07222222222222222,0.01,108.2104103010654010112389260
0.8577777777777778,0.05555555555555555,0.07444444444444444,0.012222222222222223,110.6315073358828894070258258
0.8533333333333334,0.06,0.07555555555555556,0.011111111111111112,112.6766207353698660905376287
0.8477777777777777,0.06222222222222222,0.07666666666666666,0.013333333333333334,115.9981111379338515786175209
0.8444444444444444,0.06555555555555556,0.07666666666666666,0.013333333333333334,119.6270634115018170274506413
0.8422222222222222,0.06555555555555556,0.07888888888888888,0.013333333333333334,121.0524397673787430375917888
0.8366666666666667,0.07222222222222222,0.08,0.011111111111111112,122.3709888478248931243749403
0.8355555555555556,0.07111111111111111,0.0811111111111111,0.012222222222222223,123.3475350418858272838741978
0.8388888888888889,0.06555555555555556,0.0811111111111111,0.014444444444444444,124.9629128539561270467569771
0.8344444444444444,0.07,0.08222222222222222,0.013333333333333334,126.0405926651800115940297764
0.8344444444444444,0.06888888888888889,0.08222222222222222,0.014444444444444444,127.2166328752501126677245058
0.8288888888888889,0.07444444444444444,0.08333333333333333,0.013333333333333334,129.3128032004984376149204931
0.8244444444444444,0.07555555555555556,0.08555555555555555,0.014444444444444444,131.7366123032109198536809602
0.8222222222222222,0.07333333333333333,0.08888888888888889,0.015555555555555555,134.0015164183512909800912624
0.8222222222222222,0.07333333333333333,0.09,0.014444444444444444,136.5329103236729084959830019
0.8211111111111111,0.07,0.09333333333333334,0.015555555555555555,137.0263742623612831219658074
0.8188888888888889,0.06888888888888889,0.09666666666666666,0.015555555555555555,139.1840772707296423495134953
0.8155555555555556,0.07,0.1,0.014444444444444444,141.0519640760324136400983235
0.8144444444444444,0.06555555555555556,0.10222222222222223,0.017777777777777778,143.2857294156877276188634681
0.8088888888888889,0.07111111111111111,0.10333333333333333,0.016666666666666666,144.4145247085305839303325996
0.8055555555555556,0.06888888888888889,0.10666666666666667,0.01888888888888889,145.9504076017993263834803067
0.8022222222222222,0.07111111111111111,0.10666666666666667,0.02,147.3081157327055407386406333
0.8,0.07,0.10888888888888888,0.021111111111111112,149.7766575719722757673647355
0.7977777777777778,0.07333333333333333,0.10888888888888888,0.02,152.6051489402922899065800952
0.7966666666666666,0.07444444444444444,0.1111111111111111,0.017777777777777778,154.6908295000156851090449195
0.7955555555555556,0.07111111111111111,0.11222222222222222,0.021111111111111112,156.8740695474868480086315793
0.7933333333333333,0.07333333333333333,0.11333333333333333,0.02,159.2651033126029477348758083
0.7933333333333333,0.07222222222222222,0.11555555555555555,0.01888888888888889,162.9688199955565795939699456
0.7911111111111111,0.07555555555555556,0.11777777777777777,0.015555555555555555,164.6413825364824226948667311
0.7855555555555556,0.08,0.11777777777777777,0.016666666666666666,165.6224364358019825653657012
0.7844444444444445,0.08,0.11777777777777777,0.017777777777777778,167.0290909172752946920226242
0.7866666666666666,0.07444444444444444,0.12,0.01888888888888889,168.4420153378928177958557963
0.7888888888888889,0.07111111111111111,0.12333333333333334,0.016666666666666666,170.6677106862424788612846904
0.7855555555555556,0.07111111111111111,0.12555555555555556,0.017777777777777778,172.0902450354563895537600594
0.7844444444444445,0.06777777777777778,0.12777777777777777,0.02,175.1980561852245205346876534
0.7855555555555556,0.06666666666666667,0.12777777777777777,0.02,177.7780296550075770087329896
0.7833333333333333,0.06777777777777778,0.12777777777777777,0.021111111111111112,179.2394560876889268150464557
0.7755555555555556,0.07444444444444444,0.12777777777777777,0.022222222222222223,180.5913868265504624462507193
0.7755555555555556,0.07222222222222222,0.13,0.022222222222222223,182.8366924931122641820914665
0.7777777777777778,0.06666666666666667,0.13444444444444445,0.021111111111111112,184.1695592919706544122779410
0.7811111111111111,0.06555555555555556,0.13777777777777778,0.015555555555555555,185.2512841892362846792558793
0.7766666666666666,0.06888888888888889,0.1388888888888889,0.015555555555555555,187.4060627115642995451821727
0.7755555555555556,0.07,0.14,0.014444444444444444,189.2671704803531715114031278
0.7711111111111111,0.07111111111111111,0.14333333333333334,0.014444444444444444,191.3047035090798886691067126
0.7722222222222223,0.06666666666666667,0.14444444444444443,0.016666666666666666,193.6730365238202080132311053
0.7755555555555556,0.06444444444444444,0.14444444444444443,0.015555555555555555,195.4677749253554102736115883
0.7755555555555556,0.06111111111111111,0.14777777777777779,0.015555555555555555,198.0058255530213474669300242
0.7755555555555556,0.06,0.15,0.014444444444444444,199.2896966470434961293782308
0.7755555555555556,0.06111111111111111,0.15222222222222223,0.011111111111111112,200.2862109268563328192601098
0.7711111111111111,0.06111111111111111,0.15444444444444444,0.013333333333333334,201.6560273662555319928627513
0.7722222222222223,0.05555555555555555,0.15888888888888889,0.013333333333333334,203.2973104166341667997066378
0.7677777777777778,0.056666666666666664,0.1622222222222222,0.013333333333333334,204.7253932402546370731492182
0.7655555555555555,0.057777777777777775,0.16333333333333333,0.013333333333333334,206.8430815793015874592433871
0.7588888888888888,0.06,0.16444444444444445,0.016666666666666666,208.7116114272814608058158972
0.7566666666666667,0.06333333333333334,0.16444444444444445,0.015555555555555555,211.4379640500442202785970021
0.7544444444444445,0.06333333333333334,0.16555555555555557,0.016666666666666666,213.2150829500032827043546075
0.7533333333333333,0.06777777777777778,0.16555555555555557,0.013333333333333334,214.7588480404214368837727021
0.75,0.07111111111111111,0.16555555555555557,0.013333333333333334,215.6357253452761447659460556
0.7422222222222222,0.07888888888888888,0.16555555555555557,0.013333333333333334,217.2636484368821697706793221
0.7422222222222222,0.07555555555555556,0.17,0.012222222222222223,218.3661358753393128470802867
0.7344444444444445,0.08,0.17222222222222222,0.013333333333333334,219.3400325652656788942338068
0.7333333333333333,0.08,0.17222222222222222,0.014444444444444444,220.5233783182600987010814956
0.73,0.08,0.17444444444444446,0.015555555555555555,222.3928730772688530512945061
0.7322222222222222,0.07444444444444444,0.17777777777777778,0.015555555555555555,223.4603420313031791126904622
0.73,0.07666666666666666,0.17777777777777778,0.015555555555555555,225.7954396233642578988725970
0.7233333333333334,0.08333333333333333,0.17777777777777778,0.015555555555555555,227.3579373785781780710256750
0.7233333333333334,0.07888888888888888,0.18,0.017777777777777778,228.8278075456885279832710454
0.7233333333333334,0.07666666666666666,0.18,0.02,230.3793013646462565246242568
0.7222222222222222,0.07888888888888888,0.1811111111111111,0.017777777777777778,231.1404713805090835571878203
0.7177777777777777,0.0811111111111111,0.18222222222222223,0.01888888888888889,232.3917903502722305878621483
0.7122222222222222,0.08333333333333333,0.18444444444444444,0.02,233.7733626288296451777976279
0.7111111111111111,0.08333333333333333,0.18666666666666668,0.01888888888888889,235.4694730138321150537400124
0.7133333333333334,0.07888888888888888,0.19111111111111112,0.016666666666666666,236.8637899065667027324568732
0.7144444444444444,0.08,0.1922222222222222,0.013333333333333334,238.0810939442949675051851814
0.7088888888888889,0.08666666666666667,0.1922222222222222,0.012222222222222223,239.5190772290165539769666217
0.7011111111111111,0.09111111111111111,0.19444444444444445,0.013333333333333334,242.1516340696006147893603550
0.7,0.09111111111111111,0.19555555555555557,0.013333333333333334,243.5665834776403440795398365
0.6966666666666667,0.09222222222222222,0.19666666666666666,0.014444444444444444,244.9161764943640786813388338
0.6944444444444444,0.09444444444444444,0.19777777777777777,0.013333333333333334,246.3252874026741877055300905
0.6955555555555556,0.09222222222222222,0.2,0.012222222222222223,247.7834214795528094971757963
0.6944444444444444,0.09444444444444444,0.2011111111111111,0.01,249.7522402237978156707965997
0.6922222222222222,0.09666666666666666,0.2011111111111111,0.01,251.0622294200031270150233849
0.69,0.09666666666666666,0.20333333333333334,0.01,253.8925080807054254997955222
0.6866666666666666,0.1,0.20444444444444446,0.008888888888888889,255.4908171812855143127262718
0.6855555555555556,0.09777777777777778,0.20666666666666667,0.01,256.6428946289151410915448275
0.6844444444444444,0.09777777777777778,0.2088888888888889,0.008888888888888889,258.1331699942108330659875506
0.6855555555555556,0.09111111111111111,0.2111111111111111,0.012222222222222223,259.2798862757760723873293331
0.6933333333333334,0.08333333333333333,0.2111111111111111,0.012222222222222223,260.3817745867600570682134496
0.6911111111111111,0.0811111111111111,0.21333333333333335,0.014444444444444444,263.0075386588545924413125055
0.6922222222222222,0.08333333333333333,0.21444444444444444,0.01,264.4965342394761493671654441
0.6877777777777778,0.08555555555555555,0.21555555555555556,0.011111111111111112,266.2181415447748793009623780
0.6877777777777778,0.07888888888888888,0.21888888888888888,0.014444444444444444,267.8963862760281523615909562
0.6844444444444444,0.08,0.22,0.015555555555555555,269.6188905985995960490529065
0.6855555555555556,0.07777777777777778,0.2222222222222222,0.014444444444444444,272.5282630394006936109357561
0.6833333333333333,0.08,0.22333333333333333,0.013333333333333334,274.3953230066896978000588352
0.6833333333333333,0.08,0.22555555555555556,0.011111111111111112,275.4551488662355391958140664
0.6811111111111111,0.07555555555555556,0.2311111111111111,0.012222222222222223,277.3379655147641695765935847
0.6811111111111111,0.07444444444444444,0.23222222222222222,0.012222222222222223,278.6086394279960112398449516
0.6777777777777778,0.07555555555555556,0.23333333333333334,0.013333333333333334,280.0404525474350866858909035
0.6766666666666666,0.07666666666666666,0.23333333333333334,0.013333333333333334,281.2957298659747312324021294
0.6766666666666666,0.07555555555555556,0.23444444444444446,0.013333333333333334,284.0179943191486847659185248
0.6766666666666666,0.07,0.2388888888888889,0.014444444444444444,285.6681653768146563873475758
0.6744444444444444,0.07111111111111111,0.24,0.014444444444444444,287.6370729109558562395394437
0.6711111111111111,0.07111111111111111,0.24333333333333335,0.014444444444444444,289.1243111304938709906899200
0.6644444444444444,0.07666666666666666,0.24444444444444444,0.014444444444444444,290.5800796690775463413232082
0.6611111111111111,0.07444444444444444,0.2477777777777778,0.016666666666666666,293.3160342834770616540236915
0.6577777777777778,0.07777777777777778,0.24888888888888888,0.015555555555555555,295.0451127065159005218129313
0.6588888888888889,0.07333333333333333,0.25,0.017777777777777778,296.5195931911094234994296102
0.6566666666666666,0.07555555555555556,0.2511111111111111,0.016666666666666666,299.4757499083973649113194405
0.6555555555555556,0.07111111111111111,0.2544444444444444,0.01888888888888889,300.8852901808002758139546076
0.6566666666666666,0.07111111111111111,0.2544444444444444,0.017777777777777778,303.0451197964078666261224065
0.6555555555555556,0.06888888888888889,0.25666666666666665,0.01888888888888889,304.2973755393930277480250121
0.6566666666666666,0.06666666666666667,0.26,0.016666666666666666,305.9154152471313989343613434
0.6533333333333333,0.06777777777777778,0.26222222222222225,0.016666666666666666,307.5982401645055465009908635
0.6544444444444445,0.06666666666666667,0.2633333333333333,0.015555555555555555,308.9167116283362517615817839
0.6566666666666666,0.06444444444444444,0.2644444444444444,0.014444444444444444,310.5459955084398239322391079
0.6555555555555556,0.06777777777777778,0.2644444444444444,0.012222222222222223,312.4437169523061122336955964
0.6522222222222223,0.06888888888888889,0.2644444444444444,0.014444444444444444,314.8825042300471646824594650
0.6522222222222223,0.06777777777777778,0.26666666666666666,0.013333333333333334,316.6560191550421166529597345
0.6555555555555556,0.06222222222222222,0.2677777777777778,0.014444444444444444,318.0379366361929215226043811
0.65,0.06555555555555556,0.27,0.014444444444444444,319.3655517903307960162156665
0.6488888888888888,0.06555555555555556,0.27111111111111114,0.014444444444444444,320.3016795237941746902554419
0.65,0.06222222222222222,0.27111111111111114,0.016666666666666666,321.7829538305035206398026413
0.6411111111111111,0.06888888888888889,0.2733333333333333,0.016666666666666666,324.0068220917489179649356701
0.6422222222222222,0.06555555555555556,0.27555555555555555,0.016666666666666666,326.9917617316401362467790787
0.6377777777777778,0.06888888888888889,0.27666666666666667,0.016666666666666666,328.0787033344047834834260864
0.6322222222222222,0.07444444444444444,0.27666666666666667,0.016666666666666666,329.3989165661031671695827516
0.6322222222222222,0.07111111111111111,0.2788888888888889,0.017777777777777778,330.6965328841923238315780333
0.6333333333333333,0.07222222222222222,0.2788888888888889,0.015555555555555555,332.1559448759175677082671343
0.6288888888888889,0.07444444444444444,0.28,0.016666666666666666,333.8799541639537355731544611
0.6244444444444445,0.07888888888888888,0.2811111111111111,0.015555555555555555,335.5106254537400734459737239
0.6277777777777778,0.07444444444444444,0.2822222222222222,0.015555555555555555,337.0836488414288768320467673
0.62,0.08222222222222222,0.2833333333333333,0.014444444444444444,338.2796210550352507519636364
0.6133333333333333,0.08444444444444445,0.28555555555555556,0.016666666666666666,340.0230678680838575632988213
0.6077777777777778,0.08666666666666667,0.2877777777777778,0.017777777777777778,341.5372250419146239944521316
0.6044444444444445,0.09,0.2877777777777778,0.017777777777777778,343.5190796683830188228386188
0.6022222222222222,0.09,0.28888888888888886,0.01888888888888889,344.9013009786978902841738043
0.5988888888888889,0.09,0.2922222222222222,0.01888888888888889,349.0182791984933952689443127
0.6,0.09,0.29444444444444445,0.015555555555555555,351.2330921642991462463189198
0.6,0.09111111111111111,0.29555555555555557,0.013333333333333334,352.9930662356054708363498397
0.5944444444444444,0.09555555555555556,0.2966666666666667,0.013333333333333334,354.4804806348066753942258953
0.5977777777777777,0.09222222222222222,0.2966666666666667,0.013333333333333334,355.4509562772800329846848349
0.5933333333333334,0.09222222222222222,0.3011111111111111,0.013333333333333334,356.8866592229581143038480549
0.5922222222222222,0.09,0.30444444444444446,0.013333333333333334,358.4370991976649053952365517
0.59,0.09,0.30666666666666664,0.013333333333333334,359.6551931555046650045601543
0.5877777777777777,0.09222222222222222,0.3088888888888889,0.011111111111111112,361.2012674515354575543234227
0.5844444444444444,0.09222222222222222,0.3111111111111111,0.012222222222222223,363.7417406399968663167608311
0.5844444444444444,0.08888888888888889,0.31444444444444447,0.012222222222222223,364.7211917291625922994925858
0.5811111111111111,0.08666666666666667,0.31777777777777777,0.014444444444444444,365.5807952151836497378532943
0.5766666666666667,0.09222222222222222,0.31777777777777777,0.013333333333333334,367.6396434738545161133971345
0.5788888888888889,0.09,0.32,0.011111111111111112,368.8084147478416790508715234
0.5755555555555556,0.09333333333333334,0.32,0.011111111111111112,370.2427619450806288258244268
0.5777777777777777,0.08888888888888889,0.32222222222222224,0.011111111111111112,373.0897226632143403929345438
0.5777777777777777,0.08222222222222222,0.3244444444444444,0.015555555555555555,374.8552571261522515245418590
0.5744444444444444,0.08333333333333333,0.32555555555555554,0.016666666666666666,376.3446875032419863925946861
0.5744444444444444,0.0811111111111111,0.3277777777777778,0.016666666666666666,377.4735509425486394296979723
0.57,0.08333333333333333,0.3288888888888889,0.017777777777777778,379.2039726495063450947091716
0.5677777777777778,0.08666666666666667,0.33111111111111113,0.014444444444444444,380.1755806249412949498899147
0.5655555555555556,0.08777777777777777,0.3322222222222222,0.014444444444444444,380.9145203634122013990107353
0.5611111111111111,0.09,0.33444444444444443,0.014444444444444444,382.1640672077208235953770276
0.5588888888888889,0.08777777777777777,0.3388888888888889,0.014444444444444444,382.8176746351116157645371340
0.5555555555555556,0.09111111111111111,0.3388888888888889,0.014444444444444444,383.5998062001836655406200056
0.5544444444444444,0.09111111111111111,0.34,0.014444444444444444,384.4539578494745163004482835
0.55,0.09333333333333334,0.34,0.016666666666666666,385.5260058769740440231324135
0.5466666666666666,0.09666666666666666,0.3411111111111111,0.015555555555555555,387.4342179477482163177674593
0.5455555555555556,0.09222222222222222,0.34555555555555556,0.016666666666666666,388.3143082185694985419929985
0.5466666666666666,0.08888888888888889,0.3477777777777778,0.016666666666666666,390.0713300007507062892890097
0.5511111111111111,0.08333333333333333,0.3488888888888889,0.016666666666666666,391.3271410636811861912548970
0.5511111111111111,0.0811111111111111,0.3511111111111111,0.016666666666666666,392.6537755360616648975023142
0.5488888888888889,0.0811111111111111,0.35333333333333333,0.016666666666666666,394.3321487307061245733384839
0.5455555555555556,0.08222222222222222,0.35555555555555557,0.016666666666666666,395.5467763923934886208306659
0.5422222222222223,0.08333333333333333,0.35777777777777775,0.016666666666666666,396.5505306657482916792068868
0.54,0.08333333333333333,0.35888888888888887,0.017777777777777778,397.4671396925113410741854364
0.5366666666666666,0.08222222222222222,0.36333333333333334,0.017777777777777778,399.0802892967694170540836310
0.5344444444444445,0.08333333333333333,0.36444444444444446,0.017777777777777778,400.2390067811551532681740583
0.5322222222222223,0.0811111111111111,0.3688888888888889,0.017777777777777778,401.8029443763736508215821963
0.5311111111111111,0.08,0.3711111111111111,0.017777777777777778,403.4446138264584991502294266
0.5355555555555556,0.07333333333333333,0.37444444444444447,0.016666666666666666,404.3328448488674253329181290
0.5333333333333333,0.07444444444444444,0.37555555555555553,0.016666666666666666,406.1651951003981456009514198
0.5366666666666666,0.07,0.3788888888888889,0.014444444444444444,407.5267074490442986178895174
0.5333333333333333,0.07,0.3811111111111111,0.015555555555555555,408.6276183633595720160922769
0.5311111111111111,0.07,0.38222222222222224,0.016666666666666666,409.8597105114674627456421308
0.5288888888888889,0.07111111111111111,0.38222222222222224,0.017777777777777778,411.1945854546380264827748905
0.5255555555555556,0.07111111111111111,0.3844444444444444,0.01888888888888889,412.3881998107495221500393324
0.5211111111111111,0.07111111111111111,0.38666666666666666,0.021111111111111112,414.2431783901032213302087681
0.52,0.07111111111111111,0.3888888888888889,0.02,415.3495173825327950769653300
0.5155555555555555,0.07222222222222222,0.39,0.022222222222222223,416.6395074071954182108605042
0.51,0.07666666666666666,0.39111111111111113,0.022222222222222223,417.8032448749578546183592644
0.5111111111111111,0.07555555555555556,0.39222222222222225,0.021111111111111112,419.9790747342196060096824412
0.5044444444444445,0.0811111111111111,0.39444444444444443,0.02,422.3416588822763908294658588
0.5011111111111111,0.0811111111111111,0.39666666666666667,0.021111111111111112,423.1386022162010531776878775
0.5022222222222222,0.07888888888888888,0.3988888888888889,0.02,425.0594091028926708809886191
0.4988888888888889,0.07888888888888888,0.3988888888888889,0.023333333333333334,427.6079220126280911019190296
0.49666666666666665,0.07555555555555556,0.4022222222222222,0.025555555555555557,429.9610161738021029405678654
0.49666666666666665,0.07333333333333333,0.40444444444444444,0.025555555555555557,431.1515225316586618334029324
0.49444444444444446,0.07444444444444444,0.40555555555555556,0.025555555555555557,432.0553177455451631587810191
0.49777777777777776,0.06777777777777778,0.4066666666666667,0.027777777777777776,433.1052976815635022710978562
0.49666666666666665,0.06777777777777778,0.4077777777777778,0.027777777777777776,434.2556326873613140367963381
0.4988888888888889,0.06666666666666667,0.41,0.024444444444444446,436.1797491634485488393592837
0.49444444444444446,0.06777777777777778,0.4122222222222222,0.025555555555555557,437.9348254849072673029895738
0.4911111111111111,0.07,0.4122222222222222,0.02666666666666667,439.6927550035833293903004559
0.4866666666666667,0.07333333333333333,0.4122222222222222,0.027777777777777776,440.9740169131589291595526296
0.48333333333333334,0.07555555555555556,0.41333333333333333,0.027777777777777776,441.7715618631078890189082748
0.4822222222222222,0.07777777777777778,0.41555555555555557,0.024444444444444446,442.6211454026360700479474925
0.47888888888888886,0.07888888888888888,0.4177777777777778,0.024444444444444446,444.1200083459741294840911045
0.48,0.07777777777777778,0.41888888888888887,0.023333333333333334,444.7198301912520693715337980
0.4777777777777778,0.08,0.4211111111111111,0.021111111111111112,445.8248671055948856504843170
0.4722222222222222,0.08222222222222222,0.42444444444444446,0.021111111111111112,446.4415697692641485797533885
0.47333333333333333,0.07777777777777778,0.4266666666666667,0.022222222222222223,447.4391803337649439513473970
0.4666666666666667,0.08444444444444445,0.4266666666666667,0.022222222222222223,448.9066072473279055417266302
0.46111111111111114,0.08888888888888889,0.4266666666666667,0.023333333333333334,449.8237441597792539170881669
0.4622222222222222,0.08777777777777777,0.4288888888888889,0.021111111111111112,451.1861231928211865505384830
0.4588888888888889,0.09111111111111111,0.4288888888888889,0.021111111111111112,451.9994096537371729625616624
0.45555555555555555,0.09444444444444444,0.4288888888888889,0.021111111111111112,454.0591159270713395002191028
0.4488888888888889,0.10111111111111111,0.43,0.02,455.6403839462165666016812449
0.44666666666666666,0.10333333333333333,0.43,0.02,456.7995541695438589443801676
0.44555555555555554,0.10555555555555556,0.43222222222222223,0.016666666666666666,458.5751768403224491031894402
0.44,0.10555555555555556,0.43444444444444447,0.02,459.5051064686021155946973591
0.43777777777777777,0.10333333333333333,0.43777777777777777,0.021111111111111112,461.0958521849408163648145384
0.43777777777777777,0.10555555555555556,0.43777777777777777,0.01888888888888889,463.1345273844635878204290118
0.43222222222222223,0.11,0.44,0.017777777777777778,463.9560004462015486267442180
0.4266666666666667,0.11222222222222222,0.4411111111111111,0.02,465.5200068149977268956522527
0.4211111111111111,0.11444444444444445,0.44333333333333336,0.021111111111111112,466.7635925445178675307972500
0.41888888888888887,0.11333333333333333,0.4444444444444444,0.023333333333333334,467.9123814286578002022070531
0.42444444444444446,0.10888888888888888,0.4444444444444444,0.022222222222222223,468.5619737836930512313755756
0.4211111111111111,0.10666666666666667,0.4477777777777778,0.024444444444444446,470.6376473902868808577111750
0.4166666666666667,0.10777777777777778,0.45,0.025555555555555557,472.2596436182470629575570002
0.41444444444444445,0.10444444444444445,0.45666666666666667,0.024444444444444446,473.3393687705613682491935213
0.4122222222222222,0.10555555555555556,0.4588888888888889,0.023333333333333334,474.5394258388574938797900773
0.4122222222222222,0.10555555555555556,0.46,0.022222222222222223,475.6129468129343790405727253
0.4088888888888889,0.10666666666666667,0.4622222222222222,0.022222222222222223,476.8447843235625971695107805
0.41,0.10111111111111111,0.46555555555555556,0.023333333333333334,478.3392432959541466629172360
0.4122222222222222,0.09555555555555556,0.4677777777777778,0.024444444444444446,479.7579353972026762656880025
0.4066666666666667,0.09777777777777778,0.4688888888888889,0.02666666666666667,480.7076639330079499944565557
0.41,0.09111111111111111,0.4711111111111111,0.027777777777777776,482.3020460516322863137673354
0.40555555555555556,0.09666666666666666,0.4711111111111111,0.02666666666666667,483.9648794638936832162406422
0.40444444444444444,0.09777777777777778,0.4711111111111111,0.02666666666666667,485.1847826068032516977751103
0.4033333333333333,0.09666666666666666,0.47444444444444445,0.025555555555555557,486.3974786029574899367212907
0.4022222222222222,0.09555555555555556,0.47555555555555556,0.02666666666666667,487.6144493238126898980025330
0.39555555555555555,0.10222222222222223,0.47555555555555556,0.02666666666666667,489.1250881917886113414954230
0.39,0.10444444444444445,0.4766666666666667,0.028888888888888888,489.9869144236835957212469471
0.3877777777777778,0.10666666666666667,0.4777777777777778,0.027777777777777776,491.4116343669092153006261368
0.38555555555555554,0.10777777777777778,0.48,0.02666666666666667,492.2966097795427711406864867
0.38333333333333336,0.10333333333333333,0.4822222222222222,0.03111111111111111,492.9800871416526084007368918
0.38,0.10333333333333333,0.4855555555555556,0.03111111111111111,494.0214590254965124668446148
0.3788888888888889,0.10222222222222223,0.4855555555555556,0.03333333333333333,495.0413352126795192444143530
0.3811111111111111,0.09666666666666666,0.4866666666666667,0.035555555555555556,496.4178828036488925281902800
0.37777777777777777,0.09888888888888889,0.4888888888888889,0.034444444444444444,497.1648255834996060392554265
0.3788888888888889,0.09888888888888889,0.4911111111111111,0.03111111111111111,498.2849759274018971912795504
0.37777777777777777,0.10111111111111111,0.4922222222222222,0.028888888888888888,499.4447464942817472358182269
0.37666666666666665,0.09666666666666666,0.49777777777777776,0.028888888888888888,500.5042126033990924307509634
0.37444444444444447,0.09888888888888889,0.4988888888888889,0.027777777777777776,502.1851277325584128763750724
0.37555555555555553,0.09888888888888889,0.5,0.025555555555555557,503.1543355561358308641214442
0.37444444444444447,0.09666666666666666,0.5,0.028888888888888888,503.9002153538290642640179497
0.37,0.1,0.5022222222222222,0.027777777777777776,505.0103134314417346895676758
0.3711111111111111,0.09777777777777778,0.5044444444444445,0.02666666666666667,505.9587341190167461661940319
0.36777777777777776,0.10222222222222223,0.5055555555555555,0.024444444444444446,507.0076015956124080032580146
0.36444444444444446,0.10444444444444445,0.5088888888888888,0.022222222222222223,508.1041488928030683179765139
0.36777777777777776,0.10222222222222223,0.5111111111111111,0.01888888888888889,508.7361968250164096211025522
0.3688888888888889,0.1,0.5133333333333333,0.017777777777777778,510.3409699613009229374549011
0.37,0.09777777777777778,0.5144444444444445,0.017777777777777778,511.9648512603397711438333707
0.3711111111111111,0.09222222222222222,0.5177777777777778,0.01888888888888889,512.9129305027950249774242898
0.3711111111111111,0.09111111111111111,0.52,0.017777777777777778,513.2499219568273900105302443
0.36777777777777776,0.09111111111111111,0.5222222222222223,0.01888888888888889,514.8973923563088231125283523
0.36,0.09888888888888889,0.5233333333333333,0.017777777777777778,515.6875266078872021571697735
0.35888888888888887,0.09888888888888889,0.5266666666666666,0.015555555555555555,516.7982594268814654253500911
0.35777777777777775,0.1,0.5266666666666666,0.015555555555555555,518.6107839087795141110650894
0.35555555555555557,0.1,0.5277777777777778,0.016666666666666666,519.4157731159483506646001615
0.35555555555555557,0.09888888888888889,0.53,0.015555555555555555,520.1631717419336614161032011
0.3522222222222222,0.1,0.5322222222222223,0.015555555555555555,521.0772343940422121489678368
0.3466666666666667,0.10222222222222223,0.5333333333333333,0.017777777777777778,522.8677857137114293394638913
0.34444444444444444,0.10222222222222223,0.5333333333333333,0.02,524.9639322498054035706565694
0.3466666666666667,0.09888888888888889,0.5344444444444445,0.02,526.0543263601288891775903111
0.3411111111111111,0.10333333333333333,0.5355555555555556,0.02,527.1567783225306519780327842
0.34,0.10111111111111111,0.5377777777777778,0.021111111111111112,527.9738271793957361653199628
0.34,0.09888888888888889,0.5411111111111111,0.02,529.9380139413968151228632496
0.34,0.09555555555555556,0.5444444444444444,0.02,532.0228703526470638269835905
0.33666666666666667,0.10222222222222223,0.5444444444444444,0.016666666666666666,533.2648089242506559040995592
0.33,0.10666666666666667,0.5466666666666666,0.016666666666666666,534.3276271913931465842490855
0.3277777777777778,0.11,0.5466666666666666,0.015555555555555555,535.2691440851446609684764741
0.32555555555555554,0.10888888888888888,0.55,0.015555555555555555,535.9142431358512633523513154
0.3244444444444444,0.10888888888888888,0.5511111111111111,0.015555555555555555,537.2304210964490590316724237
0.3244444444444444,0.10444444444444445,0.5522222222222222,0.01888888888888889,539.1909045162782470324445795
0.32555555555555554,0.1,0.5522222222222222,0.022222222222222223,540.6426950079601185324983969
0.3288888888888889,0.09777777777777778,0.5533333333333333,0.02,541.2413581630304932081765067
0.3244444444444444,0.1,0.5544444444444444,0.021111111111111112,542.6303460161848583134545899
0.32222222222222224,0.1,0.5577777777777778,0.02,543.9035453274654503690655477
0.32,0.1,0.56,0.02,545.1181370106465990426261833
0.31555555555555553,0.09777777777777778,0.5622222222222222,0.024444444444444446,546.2015853973972750864399780
0.31,0.1,0.5633333333333334,0.02666666666666667,547.4660887434286805130083544
0.31,0.10222222222222223,0.5644444444444444,0.023333333333333334,548.9332454431054143939003319
0.3088888888888889,0.10777777777777778,0.5644444444444444,0.01888888888888889,550.1981001916712291238210193
0.3055555555555556,0.10888888888888888,0.5666666666666667,0.01888888888888889,551.8663361393224128834731255
0.30333333333333334,0.10777777777777778,0.5677777777777778,0.021111111111111112,552.8526481030466720597440654
0.3011111111111111,0.10888888888888888,0.5677777777777778,0.022222222222222223,553.6011796151511783159492009
0.29777777777777775,0.1111111111111111,0.57,0.021111111111111112,554.1330896284132201005090972
0.29555555555555557,0.11333333333333333,0.5711111111111111,0.02,555.6799822242166112160901240
0.2922222222222222,0.11333333333333333,0.5711111111111111,0.023333333333333334,556.9203023175724178518790344
0.28888888888888886,0.1111111111111111,0.5744444444444444,0.025555555555555557,558.7765980205341643269069264
0.2877777777777778,0.1111111111111111,0.5766666666666667,0.024444444444444446,560.0540455925645262876622262
0.2833333333333333,0.11222222222222222,0.5788888888888889,0.025555555555555557,561.5550552376772349423640049
0.2822222222222222,0.11333333333333333,0.58,0.024444444444444446,563.1368349540066581796593022
0.2833333333333333,0.11,0.5822222222222222,0.024444444444444446,564.3593996379036980342020621
0.2833333333333333,0.11,0.5822222222222222,0.024444444444444446,566.2568571488748446044824362
0.2788888888888889,0.11333333333333333,0.5833333333333334,0.024444444444444446,567.1342640813539937340178016
0.2788888888888889,0.11,0.5844444444444444,0.02666666666666667,568.2917088406779417750427831
0.27555555555555555,0.11333333333333333,0.5855555555555556,0.025555555555555557,569.0963768074096829030313542
0.2733333333333333,0.11555555555555555,0.5866666666666667,0.024444444444444446,570.6856859296950903911272563
0.27,0.11888888888888889,0.5877777777777777,0.023333333333333334,571.5609966595245934967797592
0.26555555555555554,0.12,0.5888888888888889,0.025555555555555557,572.7565103528525368205849442
0.26666666666666666,0.11777777777777777,0.5922222222222222,0.023333333333333334,573.7447642011462335048906135
0.26666666666666666,0.11555555555555555,0.5922222222222222,0.025555555555555557,575.3793921703374531789067011
0.2644444444444444,0.11666666666666667,0.5944444444444444,0.024444444444444446,576.4721505855244072586254678
0.26222222222222225,0.11888888888888889,0.5955555555555555,0.023333333333333334,577.3455919078073372889110366
0.2644444444444444,0.12,0.5966666666666667,0.01888888888888889,578.2329153437404814329750991
0.26222222222222225,0.11777777777777777,0.5977777777777777,0.022222222222222223,579.4730181561561646091895321
0.2577777777777778,0.12,0.5977777777777777,0.024444444444444446,580.7139752870043728652613388
0.2577777777777778,0.11888888888888889,0.6,0.023333333333333334,581.4079716869152153282915098
0.25666666666666665,0.12,0.6,0.023333333333333334,582.6906047045206781375009661
0.25333333333333335,0.12111111111111111,0.6011111111111112,0.024444444444444446,584.3526043589388523569884128
0.2477777777777778,0.12666666666666668,0.6022222222222222,0.023333333333333334,585.6889715188816103027202381
0.24444444444444444,0.12555555555555556,0.6055555555555555,0.024444444444444446,587.1820443314531231739452317
0.24333333333333335,0.12444444444444444,0.6077777777777778,0.024444444444444446,588.9717724229222146294696116
0.24222222222222223,0.12222222222222222,0.6111111111111112,0.024444444444444446,590.1368381950851950934571811
0.24666666666666667,0.11666666666666667,0.6122222222222222,0.024444444444444446,590.7883957848113858934185160
0.24555555555555555,0.11777777777777777,0.6133333333333333,0.023333333333333334,592.0208254800689590106187749
0.24222222222222223,0.11777777777777777,0.6155555555555555,0.024444444444444446,592.7784742170183695595733799
0.2388888888888889,0.12111111111111111,0.6177777777777778,0.022222222222222223,594.3982451803629146067552107
0.23222222222222222,0.13,0.6177777777777778,0.02,595.1611482632270724471961227
0.23,0.13,0.6188888888888889,0.021111111111111112,596.1377380088613572741429571
0.23444444444444446,0.12666666666666668,0.62,0.01888888888888889,597.1935339276415813052196239
0.23666666666666666,0.12111111111111111,0.6211111111111111,0.021111111111111112,597.9380611427021091900329876
0.23444444444444446,0.11888888888888889,0.6244444444444445,0.022222222222222223,598.8920237612525300240245361
0.2288888888888889,0.12111111111111111,0.6255555555555555,0.024444444444444446,599.8740038727876612996371586
0.22777777777777777,0.12,0.6277777777777778,0.024444444444444446,600.5805112336304920975257506
0.22666666666666666,0.12,0.63,0.023333333333333334,601.7302268042617328400728860
0.23222222222222222,0.11777777777777777,0.63,0.02,603.9956306663667203708945667
0.22555555555555556,0.12444444444444444,0.63,0.02,605.1410168147644117633274070
0.22111111111111112,0.12666666666666668,0.63,0.022222222222222223,605.7398058280394195104996644
0.21666666666666667,0.13,0.6322222222222222,0.021111111111111112,606.5413238645247130590724285
0.21666666666666667,0.12555555555555556,0.6355555555555555,0.022222222222222223,608.3633999398916606868198635
0.21222222222222223,0.1288888888888889,0.6355555555555555,0.023333333333333334,609.3625434653010807131554626
0.20666666666666667,0.1322222222222222,0.6366666666666667,0.024444444444444446,611.1849935397330585702084873
0.20555555555555555,0.13555555555555557,0.6366666666666667,0.022222222222222223,612.5857989321172187822975780
0.20333333333333334,0.13666666666666666,0.6377777777777778,0.022222222222222223,613.3520265164608454361524894
0.1988888888888889,0.1388888888888889,0.6388888888888888,0.023333333333333334,614.9999135952738139045304729
0.2,0.13444444444444445,0.6422222222222222,0.023333333333333334,615.8248240514868906483669555
0.20222222222222222,0.12666666666666668,0.6433333333333333,0.027777777777777776,617.6263798628153982392714956
0.1988888888888889,0.12666666666666668,0.6433333333333333,0.03111111111111111,618.8891893116497888204672256
0.2,0.12777777777777777,0.6444444444444445,0.027777777777777776,620.2905762552469938611679005
0.19444444444444445,0.13,0.6455555555555555,0.03,621.0901597720111674079737550
0.19444444444444445,0.12666666666666668,0.6477777777777778,0.03111111111111111,622.3289482932856586467973862
0.19333333333333333,0.12777777777777777,0.6477777777777778,0.03111111111111111,623.4723598372767946259723639
0.1922222222222222,0.12666666666666668,0.6477777777777778,0.03333333333333333,624.7360213757485322785083853
0.19,0.12777777777777777,0.6488888888888888,0.03333333333333333,625.9242770693251260019987628
0.18666666666666668,0.13444444444444445,0.6488888888888888,0.03,627.7703901813015031850523765
0.18555555555555556,0.13333333333333333,0.6522222222222223,0.028888888888888888,629.4285313263902459297233621
0.18888888888888888,0.13,0.6533333333333333,0.027777777777777776,630.4848208904930034264458398
0.18444444444444444,0.12777777777777777,0.6588888888888889,0.028888888888888888,631.8133914975855618564859444
0.18666666666666668,0.12666666666666668,0.66,0.02666666666666667,632.6505580243193295721497455
0.18333333333333332,0.12555555555555556,0.6633333333333333,0.027777777777777776,633.6933922838681396301105212
0.18555555555555556,0.12222222222222222,0.6644444444444444,0.027777777777777776,634.5353198693773792311660604
0.18555555555555556,0.12111111111111111,0.6644444444444444,0.028888888888888888,635.4799417816108033487384124
0.18444444444444444,0.12222222222222222,0.6677777777777778,0.025555555555555557,636.5941239057053554810476541
0.1811111111111111,0.12666666666666668,0.6677777777777778,0.024444444444444446,638.8737178455080253876813152
0.18,0.12666666666666668,0.6677777777777778,0.025555555555555557,639.6240449396143019410691321
0.1811111111111111,0.12444444444444444,0.67,0.024444444444444446,640.2870049890959750335421721
0.18222222222222223,0.11777777777777777,0.6722222222222223,0.027777777777777776,641.1954314910232194870014246
0.17777777777777778,0.11777777777777777,0.6755555555555556,0.028888888888888888,642.3885472082237389071151754
0.17888888888888888,0.11222222222222222,0.68,0.028888888888888888,644.1144385433475334252744278
0.17666666666666667,0.1111111111111111,0.6822222222222222,0.03,645.0257584250160965022712676
0.17555555555555555,0.11444444444444445,0.6833333333333333,0.02666666666666667,645.9818497872170260665528463
0.17666666666666667,0.11444444444444445,0.6844444444444444,0.024444444444444446,647.3981633995782937724160909
0.17888888888888888,0.10888888888888888,0.6888888888888889,0.023333333333333334,648.8046670949239913627947027
0.18,0.10555555555555556,0.6911111111111111,0.023333333333333334,650.5129963763689320692210670
0.17888888888888888,0.10777777777777778,0.6933333333333334,0.02,651.6013345520234421345028115
0.17222222222222222,0.11333333333333333,0.6933333333333334,0.021111111111111112,652.2342370385067017060380626
0.1711111111111111,0.11,0.6955555555555556,0.023333333333333334,653.4599674054732640403733984
0.17555555555555555,0.10555555555555556,0.6977777777777778,0.021111111111111112,654.6619157165421211614413176
0.17444444444444446,0.10555555555555556,0.7,0.02,655.2888644894884005856142664
0.17555555555555555,0.10222222222222223,0.7022222222222222,0.02,656.2451808103760877006804961
0.17444444444444446,0.10111111111111111,0.7033333333333334,0.021111111111111112,657.0022413045834538490956859
0.17555555555555555,0.09777777777777778,0.7033333333333334,0.023333333333333334,658.7456164299135623197372689
0.17666666666666667,0.09333333333333334,0.7066666666666667,0.023333333333333334,660.1580924546989510820109915
0.17888888888888888,0.08888888888888889,0.7088888888888889,0.023333333333333334,662.2721745884051207373392304
0.17888888888888888,0.09,0.71,0.021111111111111112,664.0628373462833691703096502
0.17666666666666667,0.09222222222222222,0.7111111111111111,0.02,666.9811921986848289051409680
0.17666666666666667,0.08888888888888889,0.7133333333333334,0.021111111111111112,669.8745848577128759651927710
0.17777777777777778,0.08555555555555555,0.7155555555555555,0.021111111111111112,670.8698836211133584984658155
0.17666666666666667,0.08888888888888889,0.7166666666666667,0.017777777777777778,672.3946032797760479694183452
0.1711111111111111,0.09111111111111111,0.7188888888888889,0.01888888888888889,673.4945683998711289971888207
0.17444444444444446,0.08666666666666667,0.72,0.01888888888888889,675.2287653794526039806781881
0.17,0.08888888888888889,0.7222222222222222,0.01888888888888889,676.9352731799350896002812272
0.1711111111111111,0.09,0.7233333333333334,0.015555555555555555,677.7185396601253637341506499
0.17,0.09333333333333334,0.7244444444444444,0.012222222222222223,678.6199415457926137387960761
0.16444444444444445,0.09888888888888889,0.7255555555555555,0.011111111111111112,679.8433560280588283468678069
0.16111111111111112,0.09888888888888889,0.7266666666666667,0.013333333333333334,681.4465786536058685604892563
0.16,0.09444444444444444,0.7322222222222222,0.013333333333333334,683.3493517464442821837846300
0.15555555555555556,0.1,0.7322222222222222,0.012222222222222223,684.6029914718296777733377116
0.15333333333333332,0.09888888888888889,0.7355555555555555,0.012222222222222223,685.8888567587536259601312053
0.1511111111111111,0.09666666666666666,0.7377777777777778,0.014444444444444444,687.2541383791155010429063350
0.15222222222222223,0.09111111111111111,0.7422222222222222,0.014444444444444444,690.0739043752920603319799739
0.14777777777777779,0.09333333333333334,0.7455555555555555,0.013333333333333334,692.2267629260843315328116303
0.14555555555555555,0.09444444444444444,0.7466666666666667,0.013333333333333334,693.4798347060757126953738251
0.14222222222222222,0.09444444444444444,0.75,0.013333333333333334,694.6038380125206665933924263
0.1388888888888889,0.09555555555555556,0.7511111111111111,0.014444444444444444,696.2865311371274467337492827
0.13777777777777778,0.09444444444444444,0.7533333333333333,0.014444444444444444,697.8558292919896143066274301
0.13555555555555557,0.09666666666666666,0.7544444444444445,0.013333333333333334,699.3205444854310205716200561
0.13666666666666666,0.09444444444444444,0.7544444444444445,0.014444444444444444,700.8671425692905130347395590
0.13333333333333333,0.09444444444444444,0.7577777777777778,0.014444444444444444,702.7492899168586429646321050
0.13666666666666666,0.09,0.76,0.013333333333333334,704.3184237907951597833336780
0.13666666666666666,0.08666666666666667,0.7611111111111111,0.015555555555555555,705.3696370471062554326074068
0.13777777777777778,0.08888888888888889,0.7611111111111111,0.012222222222222223,706.5283448760074930892573164
0.13777777777777778,0.08666666666666667,0.7622222222222222,0.013333333333333334,707.6633711513724862838657109
0.13444444444444445,0.08888888888888889,0.7622222222222222,0.014444444444444444,708.9443835371045176257568685
0.1322222222222222,0.09,0.7644444444444445,0.013333333333333334,711.0808574896943653388061877
0.13,0.09111111111111111,0.7666666666666667,0.012222222222222223,712.8032613439985774221189916
0.13111111111111112,0.08666666666666667,0.7688888888888888,0.013333333333333334,715.1757311184425837236406393
0.12777777777777777,0.08555555555555555,0.7722222222222223,0.014444444444444444,715.9230562644513014109270058
0.13111111111111112,0.08222222222222222,0.7722222222222223,0.014444444444444444,717.4067751531067805067729651
0.13,0.0811111111111111,0.7744444444444445,0.014444444444444444,718.5466933365676923241462625
0.1288888888888889,0.07666666666666666,0.7777777777777778,0.016666666666666666,720.1177445405439029284372568
0.12666666666666668,0.07777777777777778,0.7788888888888889,0.016666666666666666,721.1623669009949866733121956
0.12222222222222222,0.08222222222222222,0.7788888888888889,0.016666666666666666,723.1908002865670356052305244
0.11777777777777777,0.08333333333333333,0.7822222222222223,0.016666666666666666,724.0551819277354008558293025
0.11555555555555555,0.08777777777777777,0.7822222222222223,0.014444444444444444,725.5473023359975026841529667
0.11888888888888889,0.08333333333333333,0.7833333333333333,0.014444444444444444,726.6559478781399162745508612
0.12666666666666668,0.07666666666666666,0.7844444444444445,0.012222222222222223,728.4759657551655113193838885
0.12555555555555556,0.07444444444444444,0.7866666666666666,0.013333333333333334,729.5341867308145066963814477
0.12333333333333334,0.07,0.7911111111111111,0.015555555555555555,731.5064686851181883252524555
0.11777777777777777,0.07444444444444444,0.7933333333333333,0.014444444444444444,732.6014185676208714284714804
0.11777777777777777,0.07,0.7966666666666666,0.015555555555555555,734.2206606877515368082777522
0.11777777777777777,0.06888888888888889,0.8,0.013333333333333334,736.2628879081142687499368417
0.12,0.06444444444444444,0.8011111111111111,0.014444444444444444,737.9500968875357661950807534
0.11666666666666667,0.06555555555555556,0.8022222222222222,0.015555555555555555,740.4887887420300545524990355
0.11333333333333333,0.06666666666666667,0.8033333333333333,0.016666666666666666,742.3327437200623586642050050
0.11222222222222222,0.06777777777777778,0.8044444444444444,0.015555555555555555,745.3685044341833224985609829
0.10777777777777778,0.07,0.8066666666666666,0.015555555555555555,748.0613763526653915634597296
0.10666666666666667,0.06888888888888889,0.81,0.014444444444444444,750.1076745453343871851792965
0.10111111111111111,0.07444444444444444,0.8111111111111111,0.013333333333333334,753.3400591422198230606388507
0.10222222222222223,0.07444444444444444,0.8133333333333334,0.01,756.4115773995862223455787257
0.1,0.07555555555555556,0.8144444444444444,0.01,757.6185255045184402678906899
0.09444444444444444,0.07888888888888888,0.8166666666666667,0.01,760.4624484968703561013032677
0.09888888888888889,0.07222222222222222,0.8177777777777778,0.011111111111111112,762.4985154335224175057926961
0.09777777777777778,0.07222222222222222,0.8188888888888889,0.011111111111111112,764.3130251082962709879120921
0.09555555555555556,0.07111111111111111,0.8222222222222222,0.011111111111111112,765.8896629087020230934766892
0.09777777777777778,0.06888888888888889,0.8244444444444444,0.008888888888888889,767.5929105115701251098955564
0.09222222222222222,0.07222222222222222,0.8255555555555556,0.01,769.3618812375769874157182485
0.08777777777777777,0.07555555555555556,0.8277777777777777,0.008888888888888889,771.3712894518523126290118010
0.09,0.07,0.83,0.01,774.4046107292834445752632008
0.08444444444444445,0.07222222222222222,0.83,0.013333333333333334,776.9902205894062573831581647
0.08444444444444445,0.07111111111111111,0.83,0.014444444444444444,779.7532880720253219895611809
0.08,0.07111111111111111,0.8322222222222222,0.016666666666666666,781.8651154132726635453736604
0.0811111111111111,0.06666666666666667,0.8366666666666667,0.015555555555555555,784.6028738628892195208122601
0.08,0.06555555555555556,0.8388888888888889,0.015555555555555555,786.5856675339237693819991216
0.07555555555555556,0.06666666666666667,0.8422222222222222,0.015555555555555555,787.7670646166751330949355898
0.08222222222222222,0.06333333333333334,0.8422222222222222,0.012222222222222223,789.9659615949946917297958966
0.08,0.06222222222222222,0.8455555555555555,0.012222222222222223,791.3240204046690460750914968
0.07333333333333333,0.06777777777777778,0.8466666666666667,0.012222222222222223,793.3636987937315665548269127
0.07777777777777778,0.06111111111111111,0.8488888888888889,0.012222222222222223,795.1626604460155992738600837
0.07666666666666666,0.05444444444444444,0.8544444444444445,0.014444444444444444,798.4972470547927271118254229
0.07555555555555556,0.05555555555555555,0.8555555555555555,0.013333333333333334,800.9192499759225620190437030
0.07666666666666666,0.05333333333333334,0.8588888888888889,0.011111111111111112,802.3460502097611763920218280
0.07333333333333333,0.051111111111111114,0.8633333333333333,0.012222222222222223,805.1224723632684878598595663
0.07333333333333333,0.04888888888888889,0.8666666666666667,0.011111111111111112,806.5040239518028226646584097
0.07111111111111111,0.04777777777777778,0.8711111111111111,0.01,808.2061332501813990447057903
0.06888888888888889,0.051111111111111114,0.8722222222222222,0.0077777777777777776,810.6805831193597584708056718
0.06777777777777778,0.05333333333333334,0.8733333333333333,0.005555555555555556,814.1596196771824580417269138
0.06111111111111111,0.057777777777777775,0.8755555555555555,0.005555555555555556,815.8180048872734835373570989
0.06,0.05444444444444444,0.8788888888888889,0.006666666666666667,818.6093006411003525724467057
0.06111111111111111,0.052222222222222225,0.8811111111111111,0.005555555555555556,821.8537200070690606187926510
0.058888888888888886,0.05333333333333334,0.8822222222222222,0.005555555555555556,826.6508003546321970826768996
0.06444444444444444,0.043333333333333335,0.8855555555555555,0.006666666666666667,828.3026547333495840569047627
0.06666666666666667,0.042222222222222223,0.8866666666666667,0.0044444444444444444,830.6732265086706876568491036
0.06444444444444444,0.04,0.89,0.005555555555555556,836.1942473146883998245527639
0.06444444444444444,0.04,0.89,0.005555555555555556,840.4360002647624973353504443
0.06222222222222222,0.04,0.8911111111111111,0.006666666666666667,842.9859908820339375606077750
0.06111111111111111,0.04111111111111111,0.8922222222222222,0.005555555555555556,845.1416772300521224115747576
0.058888888888888886,0.04111111111111111,0.8933333333333333,0.006666666666666667,849.0495409203853055922867108
0.06,0.03777777777777778,0.8966666666666666,0.005555555555555556,851.5144180710873417998859580
0.057777777777777775,0.04,0.8966666666666666,0.005555555555555556,857.2396855556225870835254835
0.058888888888888886,0.03666666666666667,0.8988888888888888,0.005555555555555556,860.9398247156884831382297648
0.056666666666666664,0.034444444444444444,0.9,0.008888888888888889,865.9646756844947930347459352
0.056666666666666664,0.034444444444444444,0.9022222222222223,0.006666666666666667,869.7838108508936890107612925
0.058888888888888886,0.03333333333333333,0.9022222222222223,0.005555555555555556,872.1720017758590189254364842
0.057777777777777775,0.03222222222222222,0.9055555555555556,0.0044444444444444444,875.1947725830229081818510646
0.056666666666666664,0.028888888888888888,0.9088888888888889,0.005555555555555556,878.7820219571514420925242639
0.051111111111111114,0.034444444444444444,0.9088888888888889,0.005555555555555556,883.9775122518115011788645904
0.04666666666666667,0.034444444444444444,0.9133333333333333,0.005555555555555556,887.2866658885161404273437586
0.04888888888888889,0.027777777777777776,0.9177777777777778,0.005555555555555556,891.3615943650515574160425652
0.04555555555555556,0.03111111111111111,0.9177777777777778,0.005555555555555556,897.1297036510891621785027819
0.04777777777777778,0.03,0.9177777777777778,0.0044444444444444444,901.6587832027190549973148039
0.04666666666666667,0.027777777777777776,0.9211111111111111,0.0044444444444444444,904.0440827919822274676732344
0.04111111111111111,0.03333333333333333,0.9222222222222223,0.0033333333333333335,907.3148944168987760370151356
0.03777777777777778,0.03333333333333333,0.9255555555555556,0.0033333333333333335,909.8076442184249955078031113
0.03333333333333333,0.035555555555555556,0.9277777777777778,0.0033333333333333335,915.1952961316272828393825021
0.03333333333333333,0.03,0.9311111111111111,0.005555555555555556,919.2357437535621291278945555
0.03666666666666667,0.022222222222222223,0.9355555555555556,0.005555555555555556,924.3371100399491534694375692
0.03888888888888889,0.021111111111111112,0.9366666666666666,0.0033333333333333335,930.1670307066804851209437885
0.03888888888888889,0.016666666666666666,0.94,0.0044444444444444444,937.7852701436701744302180548
0.034444444444444444,0.021111111111111112,0.9411111111111111,0.0033333333333333335,946.9287475211615111993848239
0.034444444444444444,0.017777777777777778,0.9433333333333334,0.0044444444444444444,954.6237379513213671141087793
0.03222222222222222,0.01888888888888889,0.9444444444444444,0.0044444444444444444,959.1090342625239925793061607
0.03888888888888889,0.012222222222222223,0.9455555555555556,0.0033333333333333335,966.4898330672493298392196979
0.03666666666666667,0.011111111111111112,0.9488888888888889,0.0033333333333333335,979.0870112979205141867707755
0.03666666666666667,0.012222222222222223,0.9488888888888889,0.0022222222222222222,993.0046789726400757210900961
0.03666666666666667,0.011111111111111112,0.95,0.0022222222222222222,998.1133427056843034334375352
0.034444444444444444,0.01,0.9511111111111111,0.0044444444444444444,1009.179340833191021239549168
0.03333333333333333,0.0077777777777777776,0.9522222222222222,0.006666666666666667,1017.334325246030111080352380
0.035555555555555556,0.0077777777777777776,0.9533333333333334,0.0033333333333333335,1024.051667475626387820665518
0.03666666666666667,0.006666666666666667,0.9533333333333334,0.0033333333333333335,1030.075137366476320051399352
0.034444444444444444,0.01,0.9533333333333334,0.0022222222222222222,1040.885211719145828378744882
0.03111111111111111,0.014444444444444444,0.9533333333333334,0.0011111111111111111,1046.808425482161626579303610
0.03333333333333333,0.013333333333333334,0.9533333333333334,0.0,1058.531753798160451924900621
0.028888888888888888,0.015555555555555555,0.9555555555555556,0.0,1067.830912921094984851576753
0.027777777777777776,0.015555555555555555,0.9566666666666667,0.0,1078.337525663320096547566087
0.027777777777777776,0.011111111111111112,0.9566666666666667,0.0044444444444444444,1086.387421503354224831768427
0.03,0.0077777777777777776,0.9566666666666667,0.005555555555555556,1090.506799612367447917194356
0.02666666666666667,0.006666666666666667,0.9588888888888889,0.0077777777777777776,1097.810234674261949141523611
0.024444444444444446,0.0077777777777777776,0.9611111111111111,0.006666666666666667,1100.853487512882246640107102
0.027777777777777776,0.0044444444444444444,0.9611111111111111,0.006666666666666667,1107.038936941688234505112835
0.02666666666666667,0.008888888888888889,0.9622222222222222,0.0022222222222222222,1116.285492441926141524600579
0.027777777777777776,0.008888888888888889,0.9633333333333334,0.0,1129.948514836463323567203268
0.024444444444444446,0.011111111111111112,0.9633333333333334,0.0011111111111111111,1145.856086915060041819184764
0.02666666666666667,0.0077777777777777776,0.9633333333333334,0.0022222222222222222,1155.365729379584660053285049
0.027777777777777776,0.0044444444444444444,0.9655555555555555,0.0022222222222222222,1163.368731915803005971608311
0.028888888888888888,0.0033333333333333335,0.9666666666666667,0.0011111111111111111,1181.757370268413710970625600
0.024444444444444446,0.006666666666666667,0.9666666666666667,0.0022222222222222222,1202.998591030302405370997893
0.023333333333333334,0.008888888888888889,0.9677777777777777,0.0,1216.199363620518799146282180
0.02666666666666667,0.0044444444444444444,0.9677777777777777,0.0011111111111111111,1229.905640913665442681965938
0.024444444444444446,0.005555555555555556,0.9688888888888889,0.0011111111111111111,1244.779883301964078114199469
0.02666666666666667,0.0044444444444444444,0.9688888888888889,0.0,1256.887047464456661253043152
0.023333333333333334,0.006666666666666667,0.9688888888888889,0.0011111111111111111,1277.517771969741950684516161
0.021111111111111112,0.008888888888888889,0.97,0.0,1300.468941011618098421411265
0.024444444444444446,0.0033333333333333335,0.9711111111111111,0.0011111111111111111,1317.058760858149828661411778
0.02,0.0077777777777777776,0.9722222222222222,0.0,1338.813057464899916958083907
0.022222222222222223,0.0033333333333333335,0.9744444444444444,0.0,1359.351290041028909169023973
0.017777777777777778,0.0077777777777777776,0.9744444444444444,0.0,1392.719827297516051814243859
0.016666666666666666,0.006666666666666667,0.9755555555555555,0.0011111111111111111,1410.347007650825224073127164
0.02,0.0011111111111111111,0.9755555555555555,0.0033333333333333335,1425.670932262516296036257054
0.02,0.0011111111111111111,0.9766666666666667,0.0022222222222222222,1449.541190525950317061869613
0.01888888888888889,0.0022222222222222222,0.9766666666666667,0.0022222222222222222,1470.028265091218599745338253
0.01888888888888889,0.0033333333333333335,0.9777777777777777,0.0,1498.945402498635888431182149
0.017777777777777778,0.0033333333333333335,0.9788888888888889,0.0,1523.727103916460179236930661
0.017777777777777778,0.0033333333333333335,0.9788888888888889,0.0,1544.489992929467953350321670
0.017777777777777778,0.0,0.98,0.0022222222222222222,1563.211886662665482109194257
0.013333333333333334,0.005555555555555556,0.98,0.0011111111111111111,1582.513488504860450302536586
0.015555555555555555,0.0033333333333333335,0.98,0.0011111111111111111,1604.031493675519916351181483
0.013333333333333334,0.0044444444444444444,0.98,0.0022222222222222222,1630.692840319495883457586022
0.014444444444444444,0.0033333333333333335,0.9811111111111112,0.0011111111111111111,1659.245037510110058177047089
0.013333333333333334,0.0022222222222222222,0.9833333333333333,0.0011111111111111111,1686.379607808833884677387633
0.011111111111111112,0.0022222222222222222,0.9833333333333333,0.0033333333333333335,1709.449387046359257834485081
0.012222222222222223,0.0022222222222222222,0.9833333333333333,0.0022222222222222222,1729.343953263811064674803161
0.013333333333333334,0.0033333333333333335,0.9833333333333333,0.0,1754.677889973938812665659364
0.015555555555555555,0.0011111111111111111,0.9833333333333333,0.0,1786.426972177615420030965484
0.013333333333333334,0.0022222222222222222,0.9833333333333333,0.0011111111111111111,1814.067365723067588606861847
0.013333333333333334,0.0033333333333333335,0.9833333333333333,0.0,1852.508236186237119558524408
0.012222222222222223,0.0044444444444444444,0.9833333333333333,0.0,1866.778489217272832786772354
0.012222222222222223,0.0044444444444444444,0.9833333333333333,0.0,1898.873919774228663740003647
0.01,0.0044444444444444444,0.9844444444444445,0.0011111111111111111,1917.678509016562388594786813
0.01,0.0022222222222222222,0.9844444444444445,0.0033333333333333335,1945.417560984846874000084230
0.01,0.0022222222222222222,0.9855555555555555,0.0022222222222222222,1968.249400110536955549466816
0.0077777777777777776,0.005555555555555556,0.9855555555555555,0.0011111111111111111,2007.200584429122021408320121
0.01,0.0022222222222222222,0.9877777777777778,0.0,2041.482475544202892823174388
0.01,0.0022222222222222222,0.9877777777777778,0.0,2074.230498618745361371377617
0.0077777777777777776,0.0022222222222222222,0.99,0.0,2121.582811783465185838577049
0.0077777777777777776,0.0022222222222222222,0.99,0.0,2158.607547502893586379409258
0.0077777777777777776,0.0022222222222222222,0.99,0.0,2195.460597309677023218638503
0.006666666666666667,0.0,0.9922222222222222,0.0011111111111111111,2283.534275820801686234977426
0.005555555555555556,0.0011111111111111111,0.9933333333333333,0.0,2375.041969640689601769035206
0.0044444444444444444,0.0011111111111111111,0.9933333333333333,0.0011111111111111111,2412.280217862173565221662942
0.0033333333333333335,0.0033333333333333335,0.9933333333333333,0.0,2462.884652330790861180966661
0.0044444444444444444,0.0,0.9955555555555555,0.0,2530.254522598043384484588912
0.0011111111111111111,0.0011111111111111111,0.9966666666666667,0.0011111111111111111,2703.180445073524876696398043
0.0011111111111111111,0.0011111111111111111,0.9977777777777778,0.0,3051.203843930626993383577390
